id_estado,estado_abrev,estado,ano,regiao_geo,cob_ab,pct_prenatal_adeq,tx_mort_evit,tx_mort,tx_mort_inf_ibge,tx_hosp,tx_leito_sus,tx_med_ch,tx_enf_ch,desp_tot_saude_pc_mun,exp_vida,pct_san_adeq,ideb_9ano
12,AC,Acre,2010,Norte,"75,5582146391717","0,0","67,1610100284193","392,774311566981","22,0800819512697","6420,54029333943","182,014176983634","1,14007121157678","0,87867899258485","204,728572925001","71,63","31,9621076013458","4,1"
27,AL,Alagoas,2010,Nordeste,"78,5806442618567","0,0","94,2392061379384","554,8599208666","30,2197387981079","5763,92265376603","154,624886033762","1,3413442916134","0,504595882134662","329,063873781108","70,32","30,3443360422412","2,7"
13,AM,Amazonas,2010,Norte,"65,2161612839629","0,0","71,9924979201542","374,259670579441","22,195897974802","4607,604299061","154,848601859534","1,19718486255005","0,549055372869354","264,019788365628","73,3","39,2874712789898","3,4"
16,AP,Amapá,2010,Norte,"90,0427539342716","0,0","69,4263396618851","312,850642625756","24,5793966523108","5085,26332315945","136,836146636495","1,16890477788613","0,580797423447378","233,824705054364","73,8","21,3844649202533","3,6"
29,BA,Bahia,2010,Nordeste,"66,0632201262468","0,0","81,0963607107954","529,178399268727","23,1328891497424","6221,73181107002","179,699858866184","1,30904306574028","0,675057810609409","285,986433544663","71,97","48,3999077659117","2,9"
23,CE,Ceará,2010,Nordeste,"77,081156118486","0,0","78,8007534256584","508,453308785072","19,6819600676339","5640,98585482988","164,988715082685","1,14939509549677","0,588941407262008","332,322490660115","72,6","41,2733529134941","3,6"
53,DF,Distrito Federal,2010,Centro-Oeste,"46,4496899556367","0,0","70,0426730252793","410,828672971517","11,9890827939739","861,63846092395","200,208462139285","2,80919391484401","0,96283119299331", ,"77,35","0,0","3,9"
32,ES,Espírito Santo,2010,Sudeste,"67,4532769710017","0,0","100,443346698898","588,783770668819","11,9707653979501","5456,39293259256","144,880907060149","1,99939127772446","0,609876317310877","334,350087935685","75,1","70,8806895997477","3,8"
52,GO,Goiás,2010,Centro-Oeste,"77,4866611545146","0,0","91,2802260384497","532,672576012434","17,7134913907617","6523,84374697717","196,505360196813","1,4363050772723","0,537492734981113","374,105955139355","74,6","46,7452960895171","3,7"
21,MA,Maranhão,2010,Nordeste,"83,7830277905081","0,0","81,8213299907435","388,453879353249","29,0199740370345","6034,54287640345","189,257459882068","0,768790445009093","0,555173593540362","328,692111899291","70,4","24,5093104358778","3,4"
31,MG,Minas Gerais,2010,Sudeste,"78,322843074395","0,0","92,0208018622024","604,270767338743","14,627873810776","5747,33417766323","161,077741217763","1,85259570313713","0,65876171317329","415,173986685081","75,3","75,6970381577922","4,1"
50,MS,Mato Grosso do Sul,2010,Centro-Oeste,"68,0337793126705","0,0","122,886038860903","581,138519070628","17,027237709604","6642,87389482883","149,353941986055","1,53393432996158","0,590451128271627","554,48297541251","74,96","36,6997548704637","3,9"
51,MT,Mato Grosso,2010,Centro-Oeste,"70,5013372457934","0,0","93,223495282331","480,860694933515","19,5198536565271","5847,23128472342","157,926266524557","1,43000367292846","0,613686470972438","426,874381993687","74,25","34,3118473993188","4,2"
15,PA,Pará,2010,Norte,"50,6044090217683","0,0","77,1442507140393","407,120813162614","20,2958088016012","6875,93147133072","154,812221586296","0,798430056191246","0,43872479969929","261,02831177931","72,36","28,3719568709817","3,4"
25,PB,Paraíba,2010,Nordeste,"99,2464675513936","0,0","95,1625652599097","608,597801080818","22,8704052511577","6155,5729593553","205,061659093584","1,43811334942028","0,734632872977372","358,79796385314","72,0","46,8288344395276","2,9"
26,PE,Pernambuco,2010,Nordeste,"71,8366526466427","0,0","107,061063804328","603,712850138621","18,5072060487974","5684,05808984885","177,179616488959","1,48802768210686","0,643977409626674","265,425922598137","72,32","51,8732630770101","3,0"
22,PI,Piauí,2010,Nordeste,"98,887618926502","0,0","90,3114083913828","488,007277521259","23,4479534632901","7040,8139300024","223,492552596844","1,07508623267714","0,606666259576407","357,241775136606","71,62","27,9143356834967","3,5"
41,PR,Paraná,2010,Sul,"68,4195676929422","0,0","99,6970321617501","626,276837284606","12,0512878941087","7373,92892101923","187,604263702546","1,53188089748168","0,665802237734196","358,112401278543","74,8","62,5715976944557","4,1"
33,RJ,Rio de Janeiro,2010,Sudeste,"47,9813376643437","0,0","142,708285029897","772,394945086814","14,0601482146812","4086,12720407812","168,605060556254","2,37505541860892","0,757278269746997","405,499593895488","75,1","83,3194955489687","3,4"
24,RN,Rio Grande do Norte,2010,Nordeste,"85,4463415776877","0,0","77,9644308118147","495,935262978717","20,596386374682","5285,34642164559","193,059190311916","1,5828384423287","0,67684144670625","355,279624767162","72,52","43,0201000697853","2,9"
11,RO,Rondônia,2010,Norte,"66,8627753456283","0,0","85,8858250231135","449,946641945561","22,7501171312953","6364,93406245582","189,036389817807","1,15989651164682","0,6098018683451","330,886132490553","72,97","21,4406799805334","3,5"
14,RR,Roraima,2010,Norte,"83,0400546620514","0,0","67,1287215029859","357,438646963951","18,3737637334462","7228,54278366244","189,180942417506","1,10435464888191","0,732367813085742","339,459353162656","73,51","41,2043938799529","3,7"
43,RS,Rio Grande do Sul,2010,Sul,"57,1961223104585","0,0","105,359795867572","714,626619252773","11,3903073150766","6622,60133949993","190,87852772315","2,02466468678523","0,714614887407414","353,7819723481","75,38","71,6902984677971","3,9"
42,SC,Santa Catarina,2010,Sul,"83,6341385804241","0,0","88,4318645906023","544,313917959548","11,195307690837","6152,45748203846","174,829275049563","1,67156194932989","0,667100316304518","407,574225145198","76,61","74,2433351193412","4,3"
28,SE,Sergipe,2010,Nordeste,"90,8978109887759","0,0","86,6644846380441","516,52412327513","22,578700194075","4274,87868395213","137,420367814129","1,59799205931323","0,610529236811772","337,052394567658","71,84","47,8108560667511","2,8"
35,SP,São Paulo,2010,Sudeste,"51,8427744570799","0,0","112,435532020615","624,876681207783","11,9781040293014","5489,55568732676","130,029367662606","2,16124383926147","0,764227802960199","441,696441026346","75,69","87,9686226400276","4,3"
17,TO,Tocantins,2010,Norte,"93,8421935357041","0,0","86,8371940616664","457,469944918184","19,389586733181","7232,89424050718","149,965781757678","1,32140094508874","0,839196200395049","351,654654680151","72,56","27,5009218047699","3,9"
12,AC,Acre,2011,Norte,"72,7955079277877","0,0","77,0713899439819","405,138606472198","21,0271563601935","6600,39383480261","167,373368495014","1,18718842284961","0,908479008964687","223,807200026796","71,63","31,9621076013458","4,1"
27,AL,Alagoas,2011,Nordeste,"77,3876988707557","0,0","100,621870540038","580,053658774871","27,9529270659006","5629,69098133704","151,119488315698","1,22887648556493","0,537357814047423","387,774932204838","70,32","30,3443360422412","2,6"
13,AM,Amazonas,2011,Norte,"63,8825942132357","0,0","72,5254557716333","392,892284220186","21,4346591826687","4598,15259090557","152,320040685012","0,945055886612641","0,538737824899669","289,348271705512","73,3","39,2874712789898","3,7"
16,AP,Amapá,2011,Norte,"86,984374019829","0,0","73,7926468789927","350,550212030872","24,3439978448915","5031,25294292104","143,368571079186","0,989278279802039","0,566165298340157","243,462946627288","73,8","21,3844649202533","3,5"
29,BA,Bahia,2011,Nordeste,"68,9257030046431","0,0","80,5111301836867","539,150450339132","21,9491697766544","6138,02746896161","174,790971621566","1,20804613151394","0,727736223496448","333,980872082214","71,97","48,3999077659117","3,1"
23,CE,Ceará,2011,Nordeste,"74,9931764789117","0,0","83,6209784403253","551,525221764355","18,5700627856615","5577,99963045034","168,797106638116","1,04807301969534","0,605241246350006","368,514147865114","72,6","41,2733529134941","3,9"
53,DF,Distrito Federal,2011,Centro-Oeste,"50,2124381361472","0,0","67,532715351841","419,396051795953","11,7291366851549","771,110309398228","189,665556526224","2,98503360237095","1,01914954993098", ,"77,35","0,0","3,9"
32,ES,Espírito Santo,2011,Sudeste,"67,3827693806345","0,0","101,219048508","586,477497498349","11,2988381322188","5808,44150941842","142,755370827665","1,91369065185671","0,661828998282818","376,583972404386","75,1","70,8806895997477","3,9"
52,GO,Goiás,2011,Centro-Oeste,"73,7991081630464","0,0","96,230789055446","547,71706216319","17,2035987136369","6131,51745072438","190,304514589074","1,30964743440635","0,551580459515701","435,513832370321","74,6","46,7452960895171","3,9"
21,MA,Maranhão,2011,Nordeste,"80,9872986038031","0,0","89,2379742950237","428,283080613265","27,5016176678865","6099,61532957449","179,79305965344","0,716704505244988","0,605149637875852","350,377278915532","70,4","24,5093104358778","3,4"
31,MG,Minas Gerais,2011,Sudeste,"80,2899272502938","0,0","92,3360344957393","609,370057358711","13,884976895457","5756,72579885026","158,31380348577","1,75398656947597","0,719129815975318","477,477513954607","75,3","75,6970381577922","4,4"
50,MS,Mato Grosso do Sul,2011,Centro-Oeste,"65,1095293472012","0,0","120,030400297022","566,752927773908","16,4686638924478","6321,66719290702","149,103518067023","1,51731437878945","0,641836008301653","592,278278937188","74,96","36,6997548704637","3,8"
51,MT,Mato Grosso,2011,Centro-Oeste,"69,9831835425396","0,0","91,7722826726174","483,401836717178","19,0456239193603","5589,46287625205","158,845201425379","1,33635638289418","0,657187451324452","463,015593875798","74,25","34,3118473993188","4,3"
15,PA,Pará,2011,Norte,"52,1368870886108","0,0","80,02344636008","415,204454808415","19,5745746148693","6543,11454311454","149,587756136602","0,755944688903379","0,466263077323592","292,333615493272","72,36","28,3719568709817","3,5"
25,PB,Paraíba,2011,Nordeste,"96,0728554254741","0,0","96,7663459343756","636,429795951255","21,46310250236","5594,54564249615","201,227365159918","1,31247938695476","0,811723262240943","416,664860205212","72,0","46,8288344395276","3,1"
26,PE,Pernambuco,2011,Nordeste,"71,9532702290743","0,0","110,220659818743","628,218033856767","17,0817312000494","5754,96848205582","177,900205940924","1,38581954048535","0,703569878110605","304,050198701689","72,32","51,8732630770101","3,2"
22,PI,Piauí,2011,Nordeste,"98,2872086609628","0,0","98,1697353162892","531,115436059351","22,6022326172021","6803,95862824573","221,904180719714","0,972465652298093","0,627888320610806","420,300447278147","71,62","27,9143356834967","3,6"
41,PR,Paraná,2011,Sul,"70,4021130303089","0,0","101,815354832053","636,36226486222","11,5311515357119","7009,32551541404","184,083428058647","1,45548555950392","0,738566423413676","417,984577016635","74,8","62,5715976944557","4,1"
33,RJ,Rio de Janeiro,2011,Sudeste,"53,861380497687","0,0","141,824319003106","764,462764578823","13,5955600899184","3985,57606384392","161,439682331081","2,30142980028415","0,853821472641993","483,851109744482","75,1","83,3194955489687","3,7"
24,RN,Rio Grande do Norte,2011,Nordeste,"84,1279130512461","0,0","88,4938168957469","542,82321258538","19,2541287982061","5156,75938393631","191,476776868725","1,48716228298764","0,676809576284268","415,963905011429","72,52","43,0201000697853","3,0"
11,RO,Rondônia,2011,Norte,"65,2946187585965","0,0","81,5098164020739","432,205955963688","22,2383508948665","6144,01097508976","192,929224266319","1,16920856996311","0,638081583972414","372,177918020734","72,97","21,4406799805334","3,6"
14,RR,Roraima,2011,Norte,"83,2216374126208","0,0","74,3275908702717","339,691998389924","18,1649361412727","6485,02906017127","186,990328894265","1,31010365397844","0,804771873928479","294,208916043872","73,51","41,2043938799529","3,6"
43,RS,Rio Grande do Sul,2011,Sul,"60,230818813179","0,0","109,233282909549","731,309118602106","11,0662785150446","6486,63241434014","188,747620815853","1,98057075244655","0,768380591384888","414,733669203756","75,38","71,6902984677971","3,9"
42,SC,Santa Catarina,2011,Sul,"82,5648770348292","0,0","92,2950026134157","559,23669572054","10,8216897827381","6230,33319025479","173,097188404879","1,58789114531035","0,698652853666276","453,659658742745","76,61","74,2433351193412","4,7"
28,SE,Sergipe,2011,Nordeste,"88,0779026478022","0,0","87,8763497140733","532,703427647064","21,2540803143184","4205,85973770412","144,254285615036","1,39664483214772","0,648545768462718","387,605208947532","71,84","47,8108560667511","2,9"
35,SP,São Paulo,2011,Sudeste,"52,6779026003922","0,0","112,34340431611","631,549389476656","11,5758536047621","5459,33240629612","128,656911616429","2,03105748717968","0,823959993053192","504,856829428989","75,69","87,9686226400276","4,4"
17,TO,Tocantins,2011,Norte,"90,2925667446122","0,0","88,02091265112","463,856238097966","18,6928724894092","7521,80613324131","149,006830702253","1,29256265202818","0,907453694712737","371,765664788948","72,56","27,5009218047699","4,0"
12,AC,Acre,2012,Norte,"84,8913749790655","0,0","78,2783806475642","415,127928337405","20,0597069696986","6517,81148798364","167,667241128976","1,30317721846612","0,940824069339495","244,535708183862","71,63","31,9621076013458","4,1"
27,AL,Alagoas,2012,Nordeste,"80,1961958911196","0,0","97,1439252706661","568,473005191738","25,8952647143288","5179,11123985234","139,944195627255","1,25223285575288","0,574732119204478","437,968866414882","70,32","30,3443360422412","2,6"
13,AM,Amazonas,2012,Norte,"62,4447095390829","0,0","73,527695431946","402,760233486396","20,7110944259702","4509,3458070757","148,493917204938","0,923656049980376","0,602735751396592","322,490153020789","73,3","39,2874712789898","3,7"
16,AP,Amapá,2012,Norte,"84,0364108776693","0,0","74,8610948950228","357,13549858176","24,1134717355489","5036,70940845999","143,128919046998","1,00021977569143","0,647926210311601","259,684085555462","73,8","21,3844649202533","3,5"
29,BA,Bahia,2012,Nordeste,"68,595850718714","0,0","82,1440234077576","551,728368971316","20,8652694646463","5886,09048181836","175,103941999104","1,24977772712203","0,791613429658043","363,404405605878","71,97","48,3999077659117","3,1"
23,CE,Ceará,2012,Nordeste,"74,1454161272995","0,0","83,4011747582516","557,472817363101","17,5634552307754","5106,99717200545","171,620778852749","1,10595256857191","0,645351926747971","416,791238274902","72,6","41,2733529134941","3,9"
53,DF,Distrito Federal,2012,Centro-Oeste,"53,8483377567101","0,0","66,1442664446686","415,071789653892","11,4741120378924","605,869734703496","183,23650282563","3,21851320022259","1,10272255967299", ,"77,35","0,0","3,9"
32,ES,Espírito Santo,2012,Sudeste,"67,2751410834976","0,0","98,5540259563549","585,0086749769","10,6897718818534","5762,37475087055","146,801046364031","1,93840536008134","0,749319595039447","440,009155613911","75,1","70,8806895997477","3,9"
52,GO,Goiás,2012,Centro-Oeste,"72,1502920441247","0,0","102,452395824491","568,389864545548","16,7128846915954","5765,31892168576","178,044494335898","1,34860152242138","0,587014693342827","507,073088493125","74,6","46,7452960895171","3,9"
21,MA,Maranhão,2012,Nordeste,"78,9590357022209","0,0","83,5437862102744","423,822922473426","26,0762174707019","5838,21039796553","182,34019676915","0,743002840194563","0,679238192453702","384,673227633843","70,4","24,5093104358778","3,4"
31,MG,Minas Gerais,2012,Sudeste,"81,6877719323537","0,0","92,9419836834855","616,702455779541","13,1999231790485","5802,53107406281","159,311465305712","1,82679650771003","0,797703843262465","552,433065622373","75,3","75,6970381577922","4,4"
50,MS,Mato Grosso do Sul,2012,Centro-Oeste,"68,687376488595","0,0","115,607344024107","573,218115134102","15,9290070811191","6233,3552455804","146,161672483677","1,59676152968474","0,718901934041906","697,8332541089","74,96","36,6997548704637","3,8"
51,MT,Mato Grosso,2012,Centro-Oeste,"69,7488378867452","0,0","93,2138789155166","498,344189971706","18,5856856512316","5789,33851739385","162,096078423985","1,35153845284426","0,728302107154832","517,616357459052","74,25","34,3118473993188","4,3"
15,PA,Pará,2012,Norte,"52,8154728126868","0,0","80,6441462192786","426,292483869912","18,8911111236886","6165,59552309819","144,670931418994","0,757795032093681","0,498060082908152","327,190752893416","72,36","28,3719568709817","3,5"
25,PB,Paraíba,2012,Nordeste,"95,4781071956109","0,0","102,519163961766","648,685945843148","20,1836821733315","5145,98207708006","194,768348749914","1,36804250842435","0,907899704105902","493,923773795002","72,0","46,8288344395276","3,1"
26,PE,Pernambuco,2012,Nordeste,"73,5509632870578","0,0","108,76588849272","623,546532810623","15,8723747156753","5707,86420327891","180,560579345461","1,45524233283217","0,813245813647412","345,853902260145","72,32","51,8732630770101","3,2"
22,PI,Piauí,2012,Nordeste,"98,0508010125428","0,0","96,5957167392846","541,670439936852","21,8090646804889","6486,60154546923","222,475122090575","1,02275071863292","0,674629589346837","480,437287187973","71,62","27,9143356834967","3,6"
41,PR,Paraná,2012,Sul,"73,1096851633885","0,0","99,9520706858974","632,182755666669","11,0400122338249","7040,96131401167","180,07450804537","1,58031597495035","0,838823058592501","490,059250204793","74,8","62,5715976944557","4,1"
33,RJ,Rio de Janeiro,2012,Sudeste,"58,1191955109521","0,0","141,048550124717","755,525516989754","13,1403599304924","3789,90452633931","156,771756760055","2,46286679482251","1,01077324319664","567,1800953247","75,1","83,3194955489687","3,7"
24,RN,Rio Grande do Norte,2012,Nordeste,"85,2017712904384","0,0","89,0478151341924","542,371136517779","18,0787868199942","4852,8182831121","188,359897296774","1,44126659238446","0,712571759034977","459,27966715009","72,52","43,0201000697853","3,0"
11,RO,Rondônia,2012,Norte,"66,2185847326511","0,0","89,5667825071861","463,158563121686","21,7455822761311","5924,96171890073","199,220457614825","1,35354518390802","0,690631937304473","428,170789101459","72,97","21,4406799805334","3,6"
14,RR,Roraima,2012,Norte,"77,3236091160191","0,0","82,2419788044723","371,23404609715","17,9609891358823","6444,23161006892","162,818297278727","1,39113868704324","0,853442711695018","304,335643545378","73,51","41,2043938799529","3,6"
43,RS,Rio Grande do Sul,2012,Sul,"62,1851162374671","0,0","104,833835102117","721,559009171326","10,7518662219837","6570,55869241767","189,433006538321","2,08798252985533","0,876662180437912","499,906807034716","75,38","71,6902984677971","3,9"
42,SC,Santa Catarina,2012,Sul,"85,7510464775002","0,0","90,6921915620624","544,229955090161","10,4676869965577","6296,3637715417","168,719892364701","1,67351406986709","0,803758354651082","540,228543494039","76,61","74,2433351193412","4,7"
28,SE,Sergipe,2012,Nordeste,"87,4836286829781","0,0","90,1887970738126","547,49850382315","20,048128194418","4042,37247183284","133,540753627067","1,47617361598995","0,702680386887172","447,709258151859","71,84","47,8108560667511","2,9"
35,SP,São Paulo,2012,Sudeste,"54,0902383375993","0,0","110,805139564406","625,528744412578","11,1931622818872","5393,24344911198","127,280153931922","2,1277519321094","0,899132489843829","572,216189337418","75,69","87,9686226400276","4,4"
17,TO,Tocantins,2012,Norte,"91,3409213078405","0,0","76,9082736058392","456,483367464972","18,0438290346484","7224,48042080897","146,436111986723","1,30844080373629","0,965285053790957","421,201625011156","72,56","27,5009218047699","4,0"
12,AC,Acre,2013,Norte,"89,0360391467423","0,0","80,4954944882946","411,545637715617","19,1780692027083","6291,07071429814","149,438394860214","1,27799019644379","1,00085215909289","272,103773212632","71,63","31,9621076013458","4,3"
27,AL,Alagoas,2013,Nordeste,"81,6561479615046","0,0","106,067099679059","592,374745377383","24,0341765998724","5216,53082688618","143,62932365829","1,29954518920277","0,629490533088009","468,389936418498","70,32","30,3443360422412","2,8"
13,AM,Amazonas,2013,Norte,"67,0212768919948","0,0","77,5465952672852","402,981052133224","20,0253086956066","4412,87843951406","132,194419364203","0,977876161632802","0,63258855013458","339,854971355776","73,3","39,2874712789898","3,8"
16,AP,Amapá,2013,Norte,"87,3684873504513","0,0","77,87231357301","359,82379375115","23,8828830189613","4947,71142668792","137,350649629637","1,01368270254522","0,710685558310923","241,425765644664","73,8","21,3844649202533","3,4"
29,BA,Bahia,2013,Nordeste,"72,423622825017","0,0","84,7212653823146","557,151418596887","19,8621453324628","5599,42828829883","175,529997387836","1,31279182180917","0,881634761240666","380,907241253015","71,97","48,3999077659117","3,2"
23,CE,Ceará,2013,Nordeste,"81,6524101484952","0,0","86,7053403801659","587,305555625064","16,6479335052593","5288,78690550312","167,780463852529","1,19202213050593","0,722911320330224","456,576844850104","72,6","41,2733529134941","4,1"
53,DF,Distrito Federal,2013,Centro-Oeste,"59,7160993335176","0,0","67,0717244411533","412,482065997131","11,223717687198","363,488973480816","174,422640810848","3,22517369949553","1,19505180612764", ,"77,35","0,0","3,9"
32,ES,Espírito Santo,2013,Sudeste,"70,7738144646257","0,0","98,8655882984253","578,607242399474","10,1392354672609","5639,00517773057","152,553831429622","1,98188168995388","0,81123845341461","450,286717234083","75,1","70,8806895997477","3,9"
52,GO,Goiás,2013,Centro-Oeste,"73,2726552543657","0,0","100,181080381327","561,961772196609","16,241019882959","6061,47754545598","173,52042738524","1,44622698286291","0,669659940801664","541,580521798705","74,6","46,7452960895171","4,5"
21,MA,Maranhão,2013,Nordeste,"85,0662480187849","0,0","91,001127969294","451,743583659819","24,7489097243993","6139,36527993196","178,520778932208","0,791838540213766","0,733991898105652","410,844817832541","70,4","24,5093104358778","3,4"
31,MG,Minas Gerais,2013,Sudeste,"83,930643919729","0,0","92,3160237761623","616,503744871223","12,5634484643196","5838,68660894371","150,8934518162","1,93338401895056","0,887150066996123","613,172738484811","75,3","75,6970381577922","4,6"
50,MS,Mato Grosso do Sul,2013,Centro-Oeste,"70,6761798387921","0,0","117,262228237254","575,341947240495","15,4230060266241","6389,84880791601","146,577785296568","1,64801517456661","0,836072735025602","763,514846936942","74,96","36,6997548704637","3,9"
51,MT,Mato Grosso,2013,Centro-Oeste,"70,5832372495294","0,0","92,3735985096233","499,53038254449","18,139796858736","5711,63318382036","160,878851095619","1,43943949684287","0,823667169865128","588,73924473479","74,25","34,3118473993188","4,2"
15,PA,Pará,2013,Norte,"55,4382300131485","0,0","80,9184473908186","424,10969182822","18,2555551923606","6195,23270393557","144,355539487082","0,811672449620513","0,554245439677275","360,871218324975","72,36","28,3719568709817","3,4"
25,PB,Paraíba,2013,Nordeste,"97,2354581223227","0,0","105,102334048067","665,365375193998","19,0229744675117","5167,80131263536","191,955057635354","1,42122054422909","1,01246782542268","520,700562924041","72,0","46,8288344395276","3,2"
26,PE,Pernambuco,2013,Nordeste,"76,0673295392199","0,0","108,857387028766","631,085547454279","14,8512189080018","5722,35304769669","180,202886315039","1,56195604634062","0,888330908174011","386,019000431688","72,32","51,8732630770101","3,4"
22,PI,Piauí,2013,Nordeste,"99,0602224536724","0,0","97,752317543235","556,806389257862","21,0687077540009","6530,59361949608","218,072413699976","1,08770794873172","0,773334446718468","559,444022951072","71,62","27,9143356834967","3,6"
41,PR,Paraná,2013,Sul,"74,1914375971083","0,0","102,582794582675","639,304409813406","10,5730218873722","6892,90374580295","177,177629213526","1,6684028124737","0,929552297148712","554,657817783776","74,8","62,5715976944557","4,1"
33,RJ,Rio de Janeiro,2013,Sudeste,"57,8813858230654","0,0","144,532395333173","773,77430318005","12,7093518567051","3752,26343412245","146,765136783398","2,59354434405065","1,12273494097137","653,425468713823","75,1","83,3194955489687","3,9"
24,RN,Rio Grande do Norte,2013,Nordeste,"88,4272587988717","0,0","93,1606575792271","567,574930572057","17,0423326400166","4955,15686994592","188,031510804836","1,47461619609283","0,756311522038121","490,521579236268","72,52","43,0201000697853","3,2"
11,RO,Rondônia,2013,Norte,"67,9369513795817","0,0","82,5882892339619","451,551018930756","21,2716998083488","6527,7325321847","209,577587143012","1,49836814227628","0,813093471362556","432,225043761941","72,97","21,4406799805334","3,8"
14,RR,Roraima,2013,Norte,"77,7576865080379","0,0","81,8627231370121","396,077105725096","17,7619620652353","6811,91530262735","168,205495798935","1,55971906016707","0,93042483087813","398,343698798538","73,51","41,2043938799529","3,5"
43,RS,Rio Grande do Sul,2013,Sul,"63,7638827380697","0,0","109,022460253339","750,154045618829","10,4518883344367","6670,41249707338","193,583768421656","2,20947818588433","0,964801332884291","549,846407372772","75,38","71,6902984677971","4,0"
42,SC,Santa Catarina,2013,Sul,"86,8539181857119","0,0","90,2844723698095","548,081277474681","10,1232806470365","6324,12744898708","168,545113385032","1,7245965596737","0,909804497940088","575,272679648792","76,61","74,2433351193412","4,3"
28,SE,Sergipe,2013,Nordeste,"90,5470595731517","0,0","93,9059155665734","556,25797119053","18,9418331282151","3948,74144908652","122,247926340218","1,62447801929833","0,784592896461482","470,605314087505","71,84","47,8108560667511","2,8"
35,SP,São Paulo,2013,Sudeste,"55,4305150406245","0,0","114,216576333945","634,776479007831","10,8345975003158","5311,30168163962","127,127595884537","2,20925119119088","0,987648771932307","632,505688493858","75,69","87,9686226400276","4,4"
17,TO,Tocantins,2013,Norte,"93,2937220584978","0,0","85,3166734129531","466,652220073405","17,432909855781","7195,83447475049","148,827168317803","1,49207072833999","1,10059871588866","423,700791360628","72,56","27,5009218047699","3,8"
12,AC,Acre,2014,Norte,"92,4855401995974","34,2260341910263","78,9467573780389","424,552685961776","18,36806752058","6249,62573615407","152,394127632221","1,37845193474549","1,12532736629462","315,639872712476","71,63","31,9621076013458","4,3"
27,AL,Alagoas,2014,Nordeste,"80,7512265464179","54,6231126708961","107,507906074426","584,047652749157","22,3564408099677","5000,11335971857","144,579597824229","1,35994131030354","0,692957236424867","550,006512443582","70,32","30,3443360422412","2,8"
13,AM,Amazonas,2014,Norte,"68,708620793341","42,6197578955154","79,4840136599404","414,646840693721","19,3823905719748","4077,87548342303","137,578554605727","1,04749510162748","0,736686689517012","372,711228266821","73,3","39,2874712789898","3,8"
16,AP,Amapá,2014,Norte,"98,7805375811569","36,0948927539795","81,2169687045697","374,201607020085","23,6667189019388","4543,55801174563","131,337941313852","1,12706585003595","0,959646056712799","288,824588433798","73,8","21,3844649202533","3,4"
29,BA,Bahia,2014,Nordeste,"73,8717913829155","51,5335408445871","84,5393846158916","570,149976740341","18,9498575344284","5703,49757160377","172,827226597406","1,38725875999383","0,951569244305503","439,415951904789","71,97","48,3999077659117","3,2"
23,CE,Ceará,2014,Nordeste,"83,2223187450903","62,8499933945182","83,6737123127755","587,174228406174","15,8142100810235","5426,83145331245","164,758762085748","1,29234455618398","0,806201644151143","540,868829680584","72,6","41,2733529134941","4,1"
53,DF,Distrito Federal,2014,Centro-Oeste,"62,452661715466","64,5513293531003","70,3693679577214","427,985356333955","10,9880606313645","461,816783236706","175,852195837666","3,38510135183259","1,25352559080355", ,"77,35","0,0","3,9"
32,ES,Espírito Santo,2014,Sudeste,"72,9378366115656","66,8334865954587","98,0614692942877","581,709831593762","9,63728600347196","5893,8351811574","156,301156258613","2,05842545148309","0,927289970486431","507,509466884459","75,1","70,8806895997477","3,9"
52,GO,Goiás,2014,Centro-Oeste,"72,8255058090956","67,2512451521741","101,003422365355","577,379375389559","15,7884726276865","5957,71386792023","167,352116431296","1,53211023670606","0,75485637923901","612,033201585045","74,6","46,7452960895171","4,5"
21,MA,Maranhão,2014,Nordeste,"86,7989216256389","43,5076749609205","93,3777163534053","466,132251354195","23,5157824394571","6161,12572218646","178,377618903141","0,810033508346252","0,782605622269393","471,601812050824","70,4","24,5093104358778","3,4"
31,MG,Minas Gerais,2014,Sudeste,"86,8824391711579","71,5686347913329","92,7902013547369","621,494433246178","11,9654153060784","6013,14636749766","149,42001735757","2,01494312321481","0,987212408278251","723,422683963522","75,3","75,6970381577922","4,6"
50,MS,Mato Grosso do Sul,2014,Centro-Oeste,"74,2044217280847","64,7895955331608","114,565235802952","574,542940790031","14,9408436199323","6282,81399382118","149,167523140041","1,80933338521769","0,912992987218899","862,370109373097","74,96","36,6997548704637","3,9"
51,MT,Mato Grosso,2014,Centro-Oeste,"71,5331133746665","67,2856004956191","95,2760221297295","518,589070693279","17,708240420759","5762,89942522407","159,537634487534","1,50214195179125","0,942146808880276","665,375786539766","74,25","34,3118473993188","4,2"
15,PA,Pará,2014,Norte,"59,9243549375235","47,1362568901959","80,9137535956555","436,227470477033","17,6531592258167","6103,44198812725","143,409013993392","0,878372541450199","0,613503933655139","439,830075716112","72,36","28,3719568709817","3,4"
25,PB,Paraíba,2014,Nordeste,"98,2160835536086","66,2205613974103","103,502274518108","644,491553708013","17,9669566652891","5022,89095893438","191,429336488273","1,47537415675825","1,11207401218242","578,611350546479","72,0","46,8288344395276","3,2"
26,PE,Pernambuco,2014,Nordeste,"76,9105125128278","60,5939172613738","105,252690763747","622,339770125875","13,9897462324729","5774,56598667102","189,007373524917","1,62588818441811","0,977337921880843","443,962177396426","72,32","51,8732630770101","3,4"
22,PI,Piauí,2014,Nordeste,"99,4223919230342","54,2813041029599","100,826180124608","573,185686150645","20,3711757079949","6321,76433428709","207,535951841255","1,16073972229448","0,863935751179815","622,42316411339","71,62","27,9143356834967","3,6"
41,PR,Paraná,2014,Sul,"77,6237660224424","77,3833271841564","100,954820013004","629,424161089814","10,1300712882957","6814,80041487585","175,723034456572","1,77213988848325","1,04620490164156","625,876496229998","74,8","62,5715976944557","4,1"
33,RJ,Rio de Janeiro,2014,Sudeste,"60,2653407357816","63,6972372189803","142,064681340346","774,504214469959","12,287801456344","3833,14568343861","146,680199141657","2,63861589708687","1,21208310275673","743,069220085349","75,1","83,3194955489687","3,9"
24,RN,Rio Grande do Norte,2014,Nordeste,"89,320557837247","59,468728565193","93,5450913506769","568,971812776606","16,1358423148521","4718,52620987165","182,629990806058","1,55994468172665","0,821440975009842","556,747157684736","72,52","43,0201000697853","3,2"
11,RO,Rondônia,2014,Norte,"76,3676836317725","51,5640876760052","87,4376998937873","455,367435029676","20,8170214189344","7005,86374977202","203,902093617346","1,65961761056071","0,881931687732377","490,171305793263","72,97","21,4406799805334","3,8"
14,RR,Roraima,2014,Norte,"78,5224311167205","44,9383604787186","84,8656294200849","389,067075721657","17,5727864505861","6529,87230312568","177,699862541586","1,75956730481901","1,10190848058649","447,891856979571","73,51","41,2043938799529","3,5"
43,RS,Rio Grande do Sul,2014,Sul,"68,5877687859139","69,4895858772634","107,169029850042","738,888059039101","10,1617841778427","6872,85591120789","196,424095828196","2,39712578003757","1,11371212314016","647,83671537878","75,38","71,6902984677971","4,0"
42,SC,Santa Catarina,2014,Sul,"87,1488188423295","72,1436845718208","87,9711553564941","551,313725437598","9,79829991346477","6498,82253074967","166,315109906568","1,84647028965356","1,02720444269982","672,735806613739","76,61","74,2433351193412","4,3"
28,SE,Sergipe,2014,Nordeste,"90,9466484367812","58,1163257586779","92,6267638040304","555,942829285184","17,936056560788","3981,40174865479","117,093351193486","1,67442353166304","0,826237111758086","521,701544530617","71,84","47,8108560667511","2,8"
35,SP,São Paulo,2014,Sudeste,"59,0425131245842","73,5687388919434","113,567477446219","639,440954595882","10,4906392195755","5363,27811923936","124,91534899769","2,34176791690882","1,11712808267059","703,387548920066","75,69","87,9686226400276","4,4"
17,TO,Tocantins,2014,Norte,"96,0084266698418","60,8845583223064","82,2719444590317","477,406185072826","16,8604519173754","6900,34053313836","156,128182651796","1,57853402436381","1,21208051070545","489,786082204318","72,56","27,5009218047699","3,8"
12,AC,Acre,2015,Norte,"92,4718485358201","36,0365135453475","81,0422465776485","422,405656123559","17,6297731314388","5697,12564554238","154,509327674003","1,35944160208738","1,15079388936651","297,455856022242","71,63","31,9621076013458","4,4"
27,AL,Alagoas,2015,Nordeste,"80,6927715377228","55,9312627973286","111,292397448629","602,290062137747","20,8585385718929","5058,2852006419","142,637215141011","1,40996033416991","0,791067885618248","578,505052967256","70,32","30,3443360422412","3,2"
13,AM,Amazonas,2015,Norte,"67,4361205686593","45,7635584859951","79,0690735491571","428,809539732595","18,7726263858622","4454,33593810286","137,843580074799","1,0621273541955","0,78411879395227","374,295747660941","73,3","39,2874712789898","4,2"
16,AP,Amapá,2015,Norte,"89,6172920395466","39,055058106306","74,6712923522227","377,975304587024","23,4504978030528","4272,42961396738","131,252116969629","1,05139617354532","0,939645837396204","301,748311040214","73,8","21,3844649202533","3,5"
29,BA,Bahia,2015,Nordeste,"74,4435330853646","54,6275460576937","84,9875184622106","592,041660221227","18,1094286113481","5677,47110284242","164,944005508979","1,3467596022122","0,982358442258695","456,123114858957","71,97","48,3999077659117","3,4"
23,CE,Ceará,2015,Nordeste,"86,2925856779833","62,6638493755424","89,3930135766201","620,495324891384","15,0721330587745","5317,19976609577","164,512343704008","1,27923816937932","0,853254068533221","561,824336873245","72,6","41,2733529134941","4,5"
53,DF,Distrito Federal,2015,Centro-Oeste,"62,9665415310485","64,9039503924375","68,9592519569731","420,03410080608","10,7570879346657","631,22619441388","150,440606125869","3,20188750522193","1,31254956665459", ,"77,35","0,0","4,0"
32,ES,Espírito Santo,2015,Sudeste,"72,7421327247095","70,1498041832774","99,4305507215824","582,181398268536","9,18907991747698","6005,75136987695","152,863709440502","2,01619509990801","1,00008453292688","530,380034802315","75,1","70,8806895997477","4,1"
52,GO,Goiás,2015,Centro-Oeste,"71,8135455147778","66,0285893093069","102,186223521493","584,29442435849","15,3453311197488","5771,15117431116","166,113006971552","1,53055878410473","0,779117109820899","623,070819481382","74,6","46,7452960895171","4,6"
21,MA,Maranhão,2015,Nordeste,"85,7959060465773","46,3345129129947","96,8010960862572","485,957406939373","22,367293932454","6164,18391253981","178,695257136677","0,810707372383045","0,826930050472482","461,100929341835","70,4","24,5093104358778","3,7"
31,MG,Minas Gerais,2015,Sudeste,"86,995720141562","72,6848832051765","93,2491671016357","634,815921640287","11,4111993919783","5853,02575265468","148,259153552297","2,0186919178276","1,04111205891158","743,383686518648","75,3","75,6970381577922","4,6"
50,MS,Mato Grosso do Sul,2015,Centro-Oeste,"72,2925749439717","66,1365592859408","114,50951193853","582,231319010915","14,4777892934101","6220,62844206776","147,667909604179","1,81559183218233","0,99889672967767","916,873026434415","74,96","36,6997548704637","4,3"
51,MT,Mato Grosso,2015,Centro-Oeste,"72,4759541204649","69,7287854458189","95,5487035908452","515,425971628039","17,2958177964776","5684,28801583327","160,806627767352","1,50009503581191","0,982029180519771","720,404664007134","74,25","34,3118473993188","4,5"
15,PA,Pará,2015,Norte,"62,8399926957586","47,0975601266924","82,2601528884145","452,952395969471","17,0891991868287","5770,99486632119","139,631212039432","0,885779436781156","0,637773930129813","443,882415348603","72,36","28,3719568709817","3,6"
25,PB,Paraíba,2015,Nordeste,"98,0366567483585","68,4374418250436","106,343563963925","671,271497254826","17,0064371369901","4697,95961233168","182,808197354532","1,46258636600241","1,18558960792994","591,982539505795","72,0","46,8288344395276","3,5"
26,PE,Pernambuco,2015,Nordeste,"78,9395290462847","62,6036049702804","111,931363932342","668,776215298889","13,2641459866375","5631,57827516226","184,420042808461","1,62200931877707","0,99676494853615","445,702909457611","72,32","51,8732630770101","3,8"
22,PI,Piauí,2015,Nordeste,"99,6168362904018","59,1671404206936","101,807680751864","596,394766770245","19,7216750491075","6241,39444099802","202,627237213749","1,16542312254069","0,928620680391507","635,524746828055","71,62","27,9143356834967","3,9"
41,PR,Paraná,2015,Sul,"77,6892869789198","78,7804605271333","103,390169520199","637,898859254281","9,70666185839187","6832,16488464038","168,923214605528","1,80429147208303","1,11328622745549","673,563547786091","74,8","62,5715976944557","4,3"
33,RJ,Rio de Janeiro,2015,Sudeste,"60,5962831445851","66,743899453884","146,48653790498","780,748901885371","11,8857436659654","4001,48137257708","137,906357634502","2,55640533317879","1,24099244362228","746,805914403508","75,1","83,3194955489687","4,0"
24,RN,Rio Grande do Norte,2015,Nordeste,"87,565974575401","58,498136418257","97,3241314933582","593,815689368952","15,3449145060688","4691,35904324751","178,442307091667","1,49447642092348","0,897972016144668","611,218523712478","72,52","43,0201000697853","3,4"
11,RO,Rondônia,2015,Norte,"77,5283366437312","55,1945260442789","86,5001475036552","467,00658260823","20,3814941532653","6601,15659353115","202,206607574916","1,69746970875536","0,941211696892648","500,992526880383","72,97","21,4406799805334","4,1"
14,RR,Roraima,2015,Norte,"84,3843070335013","46,3756683320186","77,533273072967","407,341894461241","17,388280625414","6814,55132001371","166,754979272512","1,71425482342674","1,2698508555933","461,673628647425","73,51","41,2043938799529","3,7"
43,RS,Rio Grande do Sul,2015,Sul,"71,9945769149572","70,9407585653718","107,285605287221","736,852569624465","9,87634171039002","6798,88297699569","194,563653158076","2,45431033564825","1,14984175149522","662,032219900619","75,38","71,6902984677971","4,2"
42,SC,Santa Catarina,2015,Sul,"87,4947451728429","74,9930570555744","90,1164987285194","558,06075175095","9,48800394020569","6638,89569213734","164,385430470196","1,87515821840417","1,09144237263069","708,919898797365","76,61","74,2433351193412","4,9"
28,SE,Sergipe,2015,Nordeste,"91,6454013247587","62,1445141335166","100,02400215117","605,016630061882","17,0211318824589","4268,6382117856","115,634423776928","1,65434375772626","0,882022659474443","575,628142484608","71,84","47,8108560667511","3,1"
35,SP,São Paulo,2015,Sudeste,"59,3343400104607","74,2732450391709","114,547415853223","646,91593781123","10,1610823780119","5306,08681913624","123,993649245438","2,36524215362939","1,18672308675673","747,751489622241","75,69","87,9686226400276","4,7"
17,TO,Tocantins,2015,Norte,"95,2364250975362","64,020552855891","83,406385976021","490,594499967409","16,3213493161821","5552,51077166205","155,638710672958","1,66101090668196","1,30339106154912","512,155254645488","72,56","27,5009218047699","4,0"
12,AC,Acre,2016,Norte,"86,8063117833812","39,7958536739999","79,3710025742267","445,188399513349","16,9538238856031","5418,19633542896","152,818796001123","1,34279151369979","1,16142284960854","344,677345580375","71,63","31,9621076013458","4,4"
27,AL,Alagoas,2016,Nordeste,"80,7560584890683","58,3040923530511","117,241301845959","630,467984654808","19,5270778880372","5146,07956561824","142,195302394218","1,42317491995443","0,815422058061463","624,868977931799","70,32","30,3443360422412","3,2"
13,AM,Amazonas,2016,Norte,"64,3196009685309","46,4344401262422","78,8174398324364","424,753888432459","18,2058856472962","4246,40026962396","138,329034851984","1,08560586067759","0,809580354696191","381,693893894499","73,3","39,2874712789898","4,2"
16,AP,Amapá,2016,Norte,"90,4191976042125","40,0360801494749","79,3552137756633","376,058331104607","23,2390950886749","3874,21696368369","130,71009104504","1,09176199965094","0,949343247712574","316,759104327651","73,8","21,3844649202533","3,5"
29,BA,Bahia,2016,Nordeste,"74,5865609519221","58,1419906313809","85,2695985630378","597,166293688756","17,3458935024751","5505,29418964541","163,718173833711","1,39181380539716","1,02969030784326","487,633402136831","71,97","48,3999077659117","3,4"
23,CE,Ceará,2016,Nordeste,"83,4290774992619","64,6940472890015","87,1785882335351","605,597171097771","14,3978041087307","5244,2389659613","163,522617504474","1,29961706361582","0,87321970399003","587,74269615","72,6","41,2733529134941","4,5"
53,DF,Distrito Federal,2016,Centro-Oeste,"60,9812579121252","68,264882325796","67,3095239000666","416,579231122652","10,5310330642731","386,951977921646","150,452515671849","3,39658135377533","1,44746590186638", ,"77,35","0,0","4,0"
32,ES,Espírito Santo,2016,Sudeste,"70,1895920798206","72,3133378267056","107,104853976516","589,141140224613","8,77989448876255","6046,53944345689","151,57076808229","2,02883788526815","1,06147225739397","527,77741536408","75,1","70,8806895997477","4,1"
52,GO,Goiás,2016,Centro-Oeste,"71,9687880870367","68,2197314579343","98,4867515092403","564,060485916558","14,9260817492603","5424,3415167168","164,253652018733","1,6120698771087","0,833486149910162","803,088134171066","74,6","46,7452960895171","4,6"
21,MA,Maranhão,2016,Nordeste,"85,4697424380174","48,7777063780105","97,8993972623538","492,803912640208","21,3038999326677","5889,2619644954","179,551721693681","0,823435439236738","0,883995324868848","508,350359801577","70,4","24,5093104358778","3,7"
31,MG,Minas Gerais,2016,Sudeste,"86,9173281589849","73,6115274775557","98,6946075372286","649,900309254974","10,8956637075294","5710,37499812322","146,951934778114","2,11913813991969","1,11394277762785","762,605268054955","75,3","75,6970381577922","4,6"
50,MS,Mato Grosso do Sul,2016,Centro-Oeste,"70,6080185272147","67,4278846153846","123,740715722556","623,618948602359","14,0388838452867","6192,36077028316","144,48208757253","1,93608790171047","1,10650750301439","976,223909120462","74,96","36,6997548704637","4,3"
51,MT,Mato Grosso,2016,Centro-Oeste,"74,5326576197234","68,996824210723","96,7238698842024","521,868024792529","16,8878361122476","5743,37819807631","159,935465786351","1,52471165294749","1,05956129007658","818,45150001921","74,25","34,3118473993188","4,5"
15,PA,Pará,2016,Norte,"63,9669946946011","47,3543532419614","84,5897206571457","462,315819381629","16,5635748335699","5636,79501666957","139,123093761646","0,936069248864878","0,672206313488785","442,786595398488","72,36","28,3719568709817","3,6"
25,PB,Paraíba,2016,Nordeste,"98,1136407463669","67,9546386605567","115,234035621886","708,578030717104","16,1465927703114","4499,64122151113","184,612209395115","1,47354005482975","1,24030242105292","608,881241894127","72,0","46,8288344395276","3,5"
26,PE,Pernambuco,2016,Nordeste,"79,1271814871699","63,1874058151721","116,562595713568","710,541268491115","12,6556015369072","5512,71758706682","185,902943136223","1,68791810032616","1,06184472198595","457,911849656684","72,32","51,8732630770101","3,8"
22,PI,Piauí,2016,Nordeste,"99,3254428488141","60,3137104669476","107,637852675655","589,744561054685","19,1058831212207","6399,20123166037","208,869790227838","1,22878849054157","0,994441328746944","715,488792026016","71,62","27,9143356834967","3,9"
41,PR,Paraná,2016,Sul,"76,6951867317602","79,8530948112417","109,482621244442","667,775987962996","9,31242210454216","7094,18037592911","169,019836164393","1,93794350371052","1,16540921813965","754,262374412953","74,8","62,5715976944557","4,3"
33,RJ,Rio de Janeiro,2016,Sudeste,"66,5078521940512","68,1851371825998","155,855607397282","824,198485957241","11,4979851027437","3754,96128155864","136,720310403666","2,55787970052405","1,26850851718383","771,619608423806","75,1","83,3194955489687","4,0"
24,RN,Rio Grande do Norte,2016,Nordeste,"84,4841270417687","57,8044748153863","101,377714373695","640,403313853425","14,6506566018001","4562,84439572601","174,211905132663","1,4901209316349","0,936955040006217","635,366832271558","72,52","43,0201000697853","3,4"
11,RO,Rondônia,2016,Norte,"76,4833695659551","53,0601503759399","89,8183898933065","483,843458712355","19,9602707662743","6473,26898774151","203,037293550132","1,78316862747837","1,03573468008529","531,542840060226","72,97","21,4406799805334","4,1"
14,RR,Roraima,2016,Norte,"80,1675022000732","48,9406593406593","85,7468244205435","409,911648449427","17,1990057624979","7237,71643468126","167,120750921636","1,67638844262093","1,26063041977919","515,221617256125","73,51","41,2043938799529","3,7"
43,RS,Rio Grande do Sul,2016,Sul,"72,8621968475739","72,3861651498115","113,633661850764","779,879014567032","9,60560428248545","6681,77685967708","190,39270621669","2,53684857105737","1,21920432928134","717,95392358127","75,38","71,6902984677971","4,2"
42,SC,Santa Catarina,2016,Sul,"88,0022700643332","75,9348245761289","94,7627652682934","583,92314076847","9,18736248568973","6807,73210785288","159,514178731888","1,97300341830603","1,14523260465752","766,121514754318","76,61","74,2433351193412","4,9"
28,SE,Sergipe,2016,Nordeste,"86,9875301892117","61,6549754795456","95,7558948884591","602,877683690831","16,1879713426464","4125,90782578686","113,995112962451","1,66520037658621","0,923393942970257","554,891164561945","71,84","47,8108560667511","3,1"
35,SP,São Paulo,2016,Sudeste,"60,8357240631938","76,7216309373966","119,632786237717","660,790850285761","9,85121169760629","5284,09267988679","121,902654595405","2,44523691248306","1,23202634566498","802,446138682855","75,69","87,9686226400276","4,7"
17,TO,Tocantins,2016,Norte,"96,2900775249055","65,8762411496083","88,7238498126868","490,907942922086","15,8159212513905","5123,35837858315","159,09784484573","1,70430031148714","1,44751744222755","570,146725198415","72,56","27,5009218047699","4,0"
12,AC,Acre,2017,Norte,"88,8539917985715","35,4260912091943","75,1935006661163","447,074400699626","16,3405362264727","5211,23652442563","156,341766136537","1,3967134368684","1,20627772322487","330,916115723001","71,63","31,9621076013458","4,6"
27,AL,Alagoas,2017,Nordeste,"81,4549609507458","55,5531289707751","114,571845918703","624,885125853696","18,3434836265602","5304,73692611295","138,755876719485","1,47861164315979","0,882770026795906","643,095766937425","70,32","30,3443360422412","3,9"
13,AM,Amazonas,2017,Norte,"63,4810192852129","47,4099604094863","79,9340208157155","430,000209173139","17,6725388745404","4445,27781679023","136,709587002579","1,28610975812613","0,938851221122901","387,501868061287","73,3","39,2874712789898","4,4"
16,AP,Amapá,2017,Norte,"62,2488958768751","42,2105331515033","80,5574823757447","388,397754721529","23,027634155693","4050,25802992065","102,08047385018","0,825744941482061","0,807265915944724","306,59694896217","73,8","21,3844649202533","3,5"
29,BA,Bahia,2017,Nordeste,"77,1289437691691","58,3597111021824","88,6165526310187","614,295556372426","16,6446193933226","5469,13484997287","165,111125604455","1,48287641560384","1,11861363874575","500,778152297049","71,97","48,3999077659117","3,4"
23,CE,Ceará,2017,Nordeste,"85,8455243129957","65,9272126888738","92,692495777884","657,130912764374","13,7864604535044","5241,76673515939","159,514481608429","1,39320402883569","0,937318071987217","621,745148006864","72,6","41,2733529134941","4,9"
53,DF,Distrito Federal,2017,Centro-Oeste,"58,3340274941422","66,5791599353796","73,1550091921007","426,589834589911","10,3197539154468","920,43728014721","148,69624887975","3,67049974825268","1,50025720155841", ,"77,35","0,0","4,3"
32,ES,Espírito Santo,2017,Sudeste,"70,2269825807051","70,5726462056369","107,404681529579","614,010349674079","8,41959011602621","6106,17013910384","144,751755325206","1,99926579627095","1,13772918072595","525,057176928539","75,1","70,8806895997477","4,4"
52,GO,Goiás,2017,Centro-Oeste,"72,7653600623072","68,7463467158899","99,5299956142305","583,708977224488","14,5212164433205","5446,59211640348","158,295202155828","1,70467837886012","0,900453293900497","677,825759202404","74,6","46,7452960895171","5,1"
21,MA,Maranhão,2017,Nordeste,"86,8245361398762","48,4426585001018","100,112265282347","503,549538843044","20,3212505813702","6266,78188680022","179,793164228152","0,912505711918021","0,965181892061764","512,452645330603","70,4","24,5093104358778","3,7"
31,MG,Minas Gerais,2017,Sudeste,"87,9054518715508","75,1779028728871","97,6486835960734","659,866347997583","10,419133750509","5769,49860124729","143,022296824067","2,25136364758128","1,18942405020549","820,435597581784","75,3","75,6970381577922","4,5"
50,MS,Mato Grosso do Sul,2017,Centro-Oeste,"73,50163250181","69,0638478557222","116,729626796499","587,18204889024","13,6239270363028","6215,34646722625","139,70007369685","2,13322380651227","1,16838221056685","1065,54854737322","74,96","36,6997548704637","4,6"
51,MT,Mato Grosso,2017,Centro-Oeste,"76,3906615911332","70,3970803939373","92,6800147464201","520,655727286556","16,4942518742583","5652,53938827071","161,557447927807","1,56332795985396","1,13252035797435","861,526051781648","74,25","34,3118473993188","4,7"
15,PA,Pará,2017,Norte,"66,103783111603","48,5203559221817","87,9416106647873","474,127214835644","16,0715550019661","5767,8512446344","137,344208474451","0,982911046591838","0,718347134637454","460,385405430957","72,36","28,3719568709817","3,6"
25,PB,Paraíba,2017,Nordeste,"97,6151012085517","70,5198893778373","108,166263548774","678,410552236707","15,3683757073884","4665,28970015124","183,774456608571","1,50902505185011","1,31506047271601","637,433953106625","72,0","46,8288344395276","3,6"
26,PE,Pernambuco,2017,Nordeste,"80,744077575976","64,9551896163525","112,375950020367","679,555452528369","12,1444403925543","5769,07728024762","184,950759470419","1,7355629179716","1,11808081550046","479,126203259682","72,32","51,8732630770101","4,1"
22,PI,Piauí,2017,Nordeste,"99,6033534857947","58,8659347902206","106,684278429686","608,988142778153","18,5284110295261","6259,01578915033","208,207900718806","1,26473705228236","1,0594243410948","737,341451602031","71,62","27,9143356834967","4,2"
41,PR,Paraná,2017,Sul,"76,187190466364","80,8361816948121","103,046308149573","635,308682075457","8,93785339682383","7367,11399390175","171,329471412841","2,05779614803044","1,20296686348615","802,400407066864","74,8","62,5715976944557","4,7"
33,RJ,Rio de Janeiro,2017,Sudeste,"68,7548313909188","69,0071500250878","147,424282898859","794,324710516076","11,1247882511459","3868,11338497894","132,774515268923","2,59105302682204","1,32281595745586","768,120230685457","75,1","83,3194955489687","4,2"
24,RN,Rio Grande do Norte,2017,Nordeste,"83,0642492456111","64,166414261607","100,2993912195","620,401435199957","14,0486816746788","4728,21357249855","181,269197364337","1,44316942598667","0,988112739877398","653,195582133805","72,52","43,0201000697853","3,4"
11,RO,Rondônia,2017,Norte,"72,5229245126251","54,248627422463","86,0968543570418","472,381671499064","19,5533227822473","6606,72499306506","201,142049450442","1,82908335625796","1,12629476201932","534,69497092682","72,97","21,4406799805334","4,8"
14,RR,Roraima,2017,Norte,"75,3312240266496","49,2970946579194","84,6613090503488","449,820346142242","17,0193744075792","8150,15953993984","167,676933907494","1,64833557329237","1,43700229481518","487,780703663735","73,51","41,2043938799529","4,0"
43,RS,Rio Grande do Sul,2017,Sul,"74,5561334337483","73,7009776220615","109,129338478517","764,525926107825","9,34457790050385","6676,41058978335","186,202487847504","2,66600048421157","1,29662231843019","756,110245900894","75,38","71,6902984677971","4,4"
42,SC,Santa Catarina,2017,Sul,"87,9261978021151","77,5072711371448","91,7713721709971","571,301846351243","8,89663608819896","6833,27346480167","157,35712192378","2,06254011418306","1,20660384503437","791,973917387416","76,61","74,2433351193412","5,0"
28,SE,Sergipe,2017,Nordeste,"87,6738199091791","61,336994714619","99,5096293066935","589,481575211735","15,4318728950617","4044,40628284128","112,756904089731","1,68126303682477","0,970229962056969","557,12093411348","71,84","47,8108560667511","3,4"
35,SP,São Paulo,2017,Sudeste,"59,7688221321891","78,742983795305","116,430702613266","651,77981742165","9,560843782099","5333,47325335286","120,275697662281","2,55811939254483","1,28082909167551","827,498975291999","75,69","87,9686226400276","4,9"
17,TO,Tocantins,2017,Norte,"95,6564085636264","67,7843734959089","92,1065469801932","522,652616515432","15,3440194417902","5189,96975314665","157,218590431587","1,769945035288","1,56371353302761","575,336031634669","72,56","27,5009218047699","4,5"
12,AC,Acre,2018,Norte,"85,5139527903773","40,6516351326845","93,6423300144375","470,052285551587","15,7802495537899","5117,4267915998","154,728419987001","1,38257608439314","1,2323917332459","421,797872710244","71,63","31,9621076013458","4,6"
27,AL,Alagoas,2018,Nordeste,"80,9670708446503","64,77255409936","110,147404915102","584,14238508255","17,2891570553165","5276,63249890154","134,79514388381","1,50202237858205","0,964278835447","723,153804174567","70,32","30,3443360422412","3,9"
13,AM,Amazonas,2018,Norte,"66,1472767836709","48,1732469063052","78,4931472272167","433,930114877404","17,1678052054337","4632,22296857015","135,543427197545","1,3418946329361","1,05447444022476","458,587652978359","73,3","39,2874712789898","4,4"
16,AP,Amapá,2018,Norte,"88,9311063252612","43,3055975794251","82,701020139989","403,257889749655","22,8161017756183","4376,8851854263","131,04374474077","1,07737367600007","1,09503504546145","401,318075118901","73,8","21,3844649202533","3,5"
29,BA,Bahia,2018,Nordeste,"77,5974852661683","61,6323071753138","88,7407049259159","606,157410010883","16,0062981432934","5609,49269683239","163,101972690006","1,57563864109863","1,22229435193936","565,715291015701","71,97","48,3999077659117","3,4"
23,CE,Ceará,2018,Nordeste,"81,9646614474206","67,7947540135827","97,1721140824199","628,351757543731","13,2430473961504","5573,87135619723","162,247350024224","1,38871886737797","1,00566637162808","669,591291480701","72,6","41,2733529134941","4,9"
53,DF,Distrito Federal,2018,Centro-Oeste,"61,2674554951498","67,935286797149","72,4778238365309","408,679454722034","10,1081461854176","5444,07290408488","151,611774351927","3,91339908555577","1,69197563588701", ,"77,35","0,0","4,3"
32,ES,Espírito Santo,2018,Sudeste,"70,1788636266307","72,1703102961918","104,722902193844","591,2564432276","8,08865851855415","6102,80264666996","142,483564042586","1,99349232753699","1,21901485957565","576,47248403777","75,1","70,8806895997477","4,4"
52,GO,Goiás,2018,Centro-Oeste,"73,3955206046169","72,116804563753","101,861522943911","569,340895263092","14,1356376016099","5357,26592691602","156,722260903915","1,7502193634854","0,977877844483028","697,968798015334","74,6","46,7452960895171","5,1"
21,MA,Maranhão,2018,Nordeste,"86,574010650223","52,5587072873008","97,127883150878","490,074349098905","19,4148882326772","6695,79697671163","176,842967112553","0,894317812724989","1,05250420927768","608,860522085777","70,4","24,5093104358778","3,7"
31,MG,Minas Gerais,2018,Sudeste,"88,4537425443438","76,0860577233089","98,4474728028994","643,79628359602","9,97671188405642","5932,85040176017","141,464180166955","2,29755128427043","1,2584418684165","884,060546020992","75,3","75,6970381577922","4,5"
50,MS,Mato Grosso do Sul,2018,Centro-Oeste,"75,1917238542549","71,6747600225861","118,157671897215","603,888686521183","13,2331815269356","6261,30130643011","139,409313531946","2,07219881347427","1,31585507108201","1154,33604717695","74,96","36,6997548704637","4,6"
51,MT,Mato Grosso,2018,Centro-Oeste,"75,9755589999713","71,0839059489505","96,5427638249645","528,53023156899","16,1198861741719","5627,22581477386","159,674700566357","1,61548612172349","1,22378775350828","958,378964761713","74,25","34,3118473993188","4,7"
15,PA,Pará,2018,Norte,"65,5893628831113","49,8843588261011","88,5300129899617","474,951714906342","15,6036233268423","5869,15106682953","135,349786345141","0,986154690604813","0,757688056975882","514,142540020902","72,36","28,3719568709817","3,6"
25,PB,Paraíba,2018,Nordeste,"97,1094690475209","72,0927528528479","110,571860950192","666,20859873249","14,6623458141451","4740,37757075198","176,55466188381","1,53425025322182","1,38468173119653","703,356997412533","72,0","46,8288344395276","3,6"
26,PE,Pernambuco,2018,Nordeste,"80,5452417360602","67,856238926854","112,780838503947","650,769658142429","11,7214064876536","5807,602418375","180,491463301368","1,76220060162417","1,19208872429603","527,671549384652","72,32","51,8732630770101","4,1"
22,PI,Piauí,2018,Nordeste,"99,8082476795111","60,4336317161389","107,917492589288","609,857893829159","17,9797099155993","6316,9564020069","204,164089726824","1,26975360319752","1,09816693423956","847,395145401563","71,62","27,9143356834967","4,2"
41,PR,Paraná,2018,Sul,"75,1567588490377","81,9610629893535","103,454623106992","649,778917620214","8,5826805101328","7642,92726270311","171,663654490284","2,15962296733165","1,27820561520431","874,943875675168","74,8","62,5715976944557","4,7"
33,RJ,Rio de Janeiro,2018,Sudeste,"67,3126808874908","68,8086501784734","151,468884542854","813,510054801993","10,7661632388635","4109,97461532544","129,563239075149","2,59136821997254","1,39076081762428","820,034156507141","75,1","83,3194955489687","4,2"
24,RN,Rio Grande do Norte,2018,Nordeste,"82,2733969717163","66,9195751138088","102,500423971187","609,512476250428","13,5290855095316","5044,07863156473","176,314526258907","1,48309432855899","1,05072994903723","713,892691175343","72,52","43,0201000697853","3,4"
11,RO,Rondônia,2018,Norte,"72,9535249985048","60,2050624799744","87,9045100987774","463,817195032513","19,1655244606157","6861,95691939355","199,250222890562","1,9126058481249","1,24657983180368","577,366002365726","72,97","21,4406799805334","4,8"
14,RR,Roraima,2018,Norte,"83,1393168476722","44,495240950311","104,757808272398","483,377502740353","16,8446661104004","7701,25986874055","182,979284316854","1,64182715655395","1,45373138987942","599,944616960944","73,51","41,2043938799529","4,0"
43,RS,Rio Grande do Sul,2018,Sul,"74,434400389653","75,4411019157854","109,006448150664","782,145538171896","9,09325540417009","6596,8231019528","181,833347234965","2,70925597141295","1,35065167761806","809,593396092615","75,38","71,6902984677971","4,4"
42,SC,Santa Catarina,2018,Sul,"89,8819067294696","78,2278709755143","95,6540984982815","583,181895144","8,62040089194511","6967,0329732454","157,981902041045","2,2118702948515","1,28069149659374","869,655585147949","76,61","74,2433351193412","5,0"
28,SE,Sergipe,2018,Nordeste,"88,3277770882246","65,2002568893041","96,3080734610242","571,307919824626","14,7529970314073","4090,85442029475","109,564699798868","1,67779725789757","0,987871064823147","599,453223477306","71,84","47,8108560667511","3,4"
35,SP,São Paulo,2018,Sudeste,"59,670753872514","79,1847454886809","116,915335922649","654,020550677776","9,28014027890963","5378,21085674905","119,541659910543","2,6377021632653","1,36425343798107","875,681724507619","75,69","87,9686226400276","4,9"
17,TO,Tocantins,2018,Norte,"94,6233181137329","69,1248037676609","81,6599999099811","499,733479764073","14,9059458751137","4675,96733342807","163,705795095127","1,85545022630108","1,68169767924852","673,048814490315","72,56","27,5009218047699","4,5"
12,AC,Acre,2019,Norte,"78,8573104864454","47,6965601965602","90,4828587140776","462,165579095965","15,2730943573164","4970,54771610153","161,00959821302","1,36600202962803","1,28532714996003","402,410696438945","71,63","31,9621076013458","4,8"
27,AL,Alagoas,2019,Nordeste,"80,9150360236185","59,6891753508825","115,96002465424","607,816304938309","16,3695416211672","5252,71944236113","139,211957246408","1,59728192099317","1,03835909673433","769,910882073058","70,32","30,3443360422412","4,5"
13,AM,Amazonas,2019,Norte,"70,4012952962191","49,0658420306662","80,7316127478739","442,045390661625","16,6967521556489","4802,32456858894","133,812768768592","1,57581665961733","1,06885542792218","515,282681135252","73,3","39,2874712789898","4,5"
16,AP,Amapá,2019,Norte,"70,8211270967602","43,2078666319354","85,1334525989942","416,680954109522","22,6141150242666","4617,66211715072","120,842206328017","0,957337498566329","1,06472980179277","386,862334917432","73,8","21,3844649202533","3,8"
29,BA,Bahia,2019,Nordeste,"81,0386105304687","62,6984167220113","89,2822084272615","625,681433227209","15,4259121591756","5733,55295183292","162,374074366923","1,658172115712","1,29468447120244","625,7889093568","71,97","48,3999077659117","3,8"
23,CE,Ceará,2019,Nordeste,"85,2337061514829","69,4600766342842","98,4879892615898","619,519456579324","12,7532284672419","5772,11451763772","164,71607009927","1,44488198633433","1,28532082183267","738,230955358675","72,6","41,2733529134941","5,2"
53,DF,Distrito Federal,2019,Centro-Oeste,"53,3629743876952","70,0909905237848","69,0485887158289","424,63887123798","9,90650690166407","6050,30796599175","144,000466956834","3,88373438115617","1,98081895207988", ,"77,35","0,0","4,6"
32,ES,Espírito Santo,2019,Sudeste,"74,8687817000756","74,2922166590806","102,397571323703","607,318378062285","7,79216096055037","6219,42692197629","142,112400930661","2,03617508367238","1,36369178704291","640,761217801484","75,1","70,8806895997477","4,7"
52,GO,Goiás,2019,Centro-Oeste,"74,7594081397615","72,8586590086153","101,277308041173","583,199422542664","13,7645564132236","5536,93928804389","152,571386396297","1,81451021136865","1,05136475019641","750,538115129817","74,6","46,7452960895171","5,1"
21,MA,Maranhão,2019,Nordeste,"87,3761754527861","55,6151761995958","95,7148658105001","495,888373739131","18,5753721182176","6546,44736297206","174,03088345019","0,940248030403745","1,09115583050101","610,346268171322","70,4","24,5093104358778","4,0"
31,MG,Minas Gerais,2019,Sudeste,"89,3373174285106","77,1540348008875","101,843322086746","665,564698522462","9,56342877667504","6078,87337543273","139,823762254538","2,44134868165121","1,33815979382101","956,330137993757","75,3","75,6970381577922","4,7"
50,MS,Mato Grosso do Sul,2019,Centro-Oeste,"76,9492831755775","72,4430712896212","122,094893605078","605,004847091709","12,8567616094394","6480,88907248903","141,310535569449","2,17200626415534","1,4176213913996","1239,63510367635","74,96","36,6997548704637","4,6"
51,MT,Mato Grosso,2019,Centro-Oeste,"76,3025138306298","70,9814449806294","99,5561443274235","526,249933275285","15,7500453024012","5700,3282568979","156,638061614032","1,71593724834738","1,30933262083774","993,838272916244","74,25","34,3118473993188","4,5"
15,PA,Pará,2019,Norte,"65,7231687519241","52,0724602061617","90,1676360142813","470,610662843134","15,1742426218355","5678,37575040408","132,781346679275","0,995055135701885","0,796414915263694","557,327386715471","72,36","28,3719568709817","3,9"
25,PB,Paraíba,2019,Nordeste,"98,8150369723878","72,9016828131228","115,650899038283","680,416522424503","14,0335160949849","4789,86851336456","170,004581736715","1,58545262506636","1,44076456518174","744,811603359543","72,0","46,8288344395276","3,9"
26,PE,Pernambuco,2019,Nordeste,"80,5663556751718","69,5888890555397","113,382018402919","670,090239990893","11,3668365802846","5980,76544581494","176,267394058284","1,8101963457214","1,25574299908413","559,685003889596","72,32","51,8732630770101","4,5"
22,PI,Piauí,2019,Nordeste,"99,9829378247595","62,6942897081221","105,88938683446","626,293257387893","17,4598375837606","6509,11165036828","204,660416158122","1,30165888280892","1,13527873257797","848,011627615115","71,62","27,9143356834967","4,6"
41,PR,Paraná,2019,Sul,"75,6770700198618","82,7898975682227","102,554172628076","651,209375721808","8,2469799071305","7723,4766581683","165,05222120391","2,26147868143986","1,34661823548925","927,086590559098","74,8","62,5715976944557","5,1"
33,RJ,Rio de Janeiro,2019,Sudeste,"60,8939298226802","69,3863419982112","155,343692707239","831,980736918738","10,4219195017814","4222,90997427562","126,887184046886","2,58753243494635","1,38160317123549","858,159728316383","75,1","83,3194955489687","4,4"
24,RN,Rio Grande do Norte,2019,Nordeste,"83,6524327323003","69,9984102109877","111,039727071537","620,641925966101","13,0728590217704","5143,27232992087","172,775990325229","1,60079421635295","1,11401875128498","768,10926639475","72,52","43,0201000697853","3,6"
11,RO,Rondônia,2019,Norte,"75,2882499833579","62,1452621452622","83,2758935981657","468,089296515635","18,7873343009486","6836,78206192238","201,043762044761","1,97037516352741","1,30956969432683","637,785076442786","72,97","21,4406799805334","4,8"
14,RR,Roraima,2019,Norte,"71,7485188217175","43,2010943912449","94,5917614372665","458,761788890338","16,6649355840202","7551,65816221249","188,523196442161","1,67376242445453","1,34293888183624","651,072498022783","73,51","41,2043938799529","4,1"
43,RS,Rio Grande do Sul,2019,Sul,"74,2919457474466","76,0423786739576","109,912431302533","784,35550136549","8,84686289816111","6762,75676374558","178,356102038465","2,80401290682212","1,41038832004848","846,987415587746","75,38","71,6902984677971","4,5"
42,SC,Santa Catarina,2019,Sul,"91,2486746508442","78,6797784329127","95,6762433166201","589,870907555115","8,36372760801318","7137,64315147915","155,203475664597","2,3428641573205","1,33868231690875","935,95872033246","76,61","74,2433351193412","4,9"
28,SE,Sergipe,2019,Nordeste,"91,2122504946653","67,4404379606692","93,4877861187386","585,89739574089","14,1322897659741","4134,82252546661","112,49856440347","1,7554735380407","1,08587651433682","610,514058783975","71,84","47,8108560667511","3,6"
35,SP,São Paulo,2019,Sudeste,"59,9899731956847","79,5119199290789","117,691897321306","666,080867659084","9,01393619550267","5471,06496042634","117,966293247929","2,71533715778826","1,44012455484433","936,569082981869","75,69","87,9686226400276","5,2"
17,TO,Tocantins,2019,Norte,"94,2877222582655","72,3606168446026","80,8714791978465","508,498498918535","14,4920356738586","5411,26834708106","159,326986532864","1,89447162059578","1,7384665953743","703,241605763524","72,56","27,5009218047699","4,5"
12,AC,Acre,2020,Norte,"87,2345467636504","51,935015189539","83,0659496685188","540,655360157412","14,8145239653337","4591,54583160978","179,212270953749","1,46838351202388","1,40689458562054","474,010720585984","71,63","31,9621076013458","4,8"
27,AL,Alagoas,2020,Nordeste,"83,631058948743","66,8087131006806","111,590392842938","720,474121919367","15,5560169239674","4345,58052813286","161,179492550148","1,77304155130935","1,23417781004152","878,733860453047","70,32","30,3443360422412","4,5"
13,AM,Amazonas,2020,Norte,"77,106435197439","46,600259279837","82,4200504121715","588,110313581199","16,259234894493","4372,1840410256","142,072393703564","1,65364732488948","1,34998481360663","679,827322292131","73,3","39,2874712789898","4,5"
16,AP,Amapá,2020,Norte,"84,8656369460266","40,6888539602269","82,1562058685988","535,755935727854","22,4071379660387","3847,18481549085","135,186412199036","1,06002392741476","1,30994473022478","515,186788328677","73,8","21,3844649202533","3,8"
29,BA,Bahia,2020,Nordeste,"84,3458415831466","61,6241532599492","92,1863063551086","716,084795863324","14,8938884768693","4717,62284173599","174,969127231972","1,78498280782986","1,48282551162931","752,429855124001","71,97","48,3999077659117","3,8"
23,CE,Ceará,2020,Nordeste,"87,8075504830336","69,1519556372227","93,7945291350277","756,593237280566","12,3071354806479","4946,85865609649","179,436325030861","1,60625988410057","1,48083677738238","900,041967264187","72,6","41,2733529134941","5,2"
53,DF,Distrito Federal,2020,Centro-Oeste,"58,7221434379962","70,6460709839689","72,1732393411909","530,841539970718","9,71463056845608","5382,02883067242","170,269927915136","4,32691662501567","2,24573335048471", ,"77,35","0,0","4,6"
32,ES,Espírito Santo,2020,Sudeste,"79,4618093140731","73,6394747610014","107,380515800487","713,032215138979","7,5202606566252","5487,40518083922","151,720499639276","2,11690204751317","1,56516205993427","724,648828275665","75,1","70,8806895997477","4,7"
52,GO,Goiás,2020,Centro-Oeste,"72,9499395442293","71,9199715416042","101,159197811498","678,480756416636","13,4079990601129","4905,75718980986","169,802939183585","1,99323754417632","1,20291725357558","924,405499139827","74,6","46,7452960895171","5,1"
21,MA,Maranhão,2020,Nordeste,"87,7578679612578","49,5168421747287","102,760549506803","607,553652363774","17,8077498818967","5554,3124151217","191,001656031725","0,996999408821131","1,23078633536287","745,447085640719","70,4","24,5093104358778","4,0"
31,MG,Minas Gerais,2020,Sudeste,"87,9833760936087","77,4644810511667","99,099849685333","713,832640778755","9,17957877433896","5235,5867508559","154,438152554499","2,57535035772411","1,52108829396939","1155,79479324067","75,3","75,6970381577922","4,7"
50,MS,Mato Grosso do Sul,2020,Centro-Oeste,"80,3116316526963","71,8093347535586","121,805627832906","677,939797693026","12,5046473762969","5595,22801002636","157,115733855771","2,40248430800379","1,62692559320622","1417,6445279969","74,96","36,6997548704637","4,6"
51,MT,Mato Grosso,2020,Centro-Oeste,"79,4760804094515","69,6840591906866","97,5548888044422","663,231448973689","15,3996474518054","4801,6005807919","167,261259932732","1,84908343778891","1,61314381972764","1196,62970795525","74,25","34,3118473993188","4,5"
15,PA,Pará,2020,Norte,"64,4996753988352","48,3868298517343","96,2057913331941","593,021656946556","14,7690037662981","5039,52192821214","148,134596055919","1,04691830217087","0,927682264293798","660,843037648504","72,36","28,3719568709817","3,9"
25,PB,Paraíba,2020,Nordeste,"97,8395406616068","69,4886393870058","111,653644946856","769,444630808929","13,4676026731662","3900,9208826233","182,780235175751","1,70074372220573","1,58327220440688","892,812738352969","72,0","46,8288344395276","3,9"
26,PE,Pernambuco,2020,Nordeste,"81,9604249042411","68,8230715342103","104,485764802419","793,594756411842","11,0713085628871","4974,01322148393","197,761771000438","1,90786087961666","1,44823737984475","684,796637587777","72,32","51,8732630770101","4,5"
22,PI,Piauí,2020,Nordeste,"99,1529154562149","59,4029850746269","110,468447164084","718,486780355206","16,9785740819659","5413,74623645428","222,582493265234","1,4034749564221","1,36971732267148","1084,76713531927","71,62","27,9143356834967","4,6"
41,PR,Paraná,2020,Sul,"79,5749188141953","81,9309722535529","99,4369983432956","716,2294518288","7,93078705470239","6377,73903258185","176,272310807478","2,50102892807402","1,53123382802922","1031,12375909932","74,8","62,5715976944557","5,1"
33,RJ,Rio de Janeiro,2020,Sudeste,"58,9465224414584","68,5299583144995","153,430323716965","986,837123562343","10,0923059742563","3751,66940772095","138,470219344037","2,56946126752392","1,57868401639531","997,779206751508","75,1","83,3194955489687","4,4"
24,RN,Rio Grande do Norte,2020,Nordeste,"85,7164243839134","68,2134570765661","106,899366611349","698,099834048495","12,6848954692571","4500,04456498211","191,360618420476","1,6636107821791","1,26099092713555","893,484746144193","72,52","43,0201000697853","3,6"
11,RO,Rondônia,2020,Norte,"75,2397698659427","61,698581285371","83,5532102022867","571,234539037886","18,4283150463734","5697,92814757913","216,982287387418","2,23134664840854","1,70488070984046","760,507858678558","72,97","21,4406799805334","4,8"
14,RR,Roraima,2020,Norte,"84,5676760306457","42,655716258449","86,8213713657414","567,03227758757","16,4901334250792","6322,75052639417","211,825134153278","1,85461856424702","1,67143022366009","745,146388278545","73,51","41,2043938799529","4,1"
43,RS,Rio Grande do Sul,2020,Sul,"73,9361105097643","75,9312233253277","100,945699512728","812,319174701717","8,61500454410051","5819,38694943952","187,586891783776","3,00570832129254","1,60896160745543","976,993819461822","75,38","71,6902984677971","4,5"
42,SC,Santa Catarina,2020,Sul,"88,3667876844367","78,0051882264028","91,637341154818","640,234225374912","8,11197045353841","5962,61814198741","163,281581997495","2,5370658291442","1,53817606668705","1097,16205938403","76,61","74,2433351193412","4,9"
28,SE,Sergipe,2020,Nordeste,"92,6757605181372","66,0206393153788","94,4876320821521","680,949206105514","13,5794695673048","3629,86033425593","120,966594244836","1,86719808592466","1,29649882569684","724,654207333201","71,84","47,8108560667511","3,6"
35,SP,São Paulo,2020,Sudeste,"62,9207216377674","79,4578015487763","109,39885437537","754,469717677721","8,76751987729919","4747,48037523029","129,51580010885","2,86011088126934","1,62010867600965","1078,03772344222","75,69","87,9686226400276","5,2"
17,TO,Tocantins,2020,Norte,"94,6200757089288","70,7897842211733","83,9491701923222","582,236229820758","14,1068608109075","4933,69587636645","172,300169533306","2,07069903562212","2,0521327491058","896,992898708472","72,56","27,5009218047699","4,5"
12,AC,Acre,2021,Norte,"85,3792748778606","43,4259141291884","101,116359899259","604,823592200036","14,3994033924484","5242,72337122164","164,300301253975","1,57733802636744","1,53513269730371","491,537247189419","71,63","31,9621076013458","4,7"
27,AL,Alagoas,2021,Nordeste,"82,215266222155","71,2670054089494","113,806851053575","745,509160857218","14,8390377782583","4872,71610004424","171,780001551101","1,90431102134666","1,40093113615786","937,262706222319","70,32","30,3443360422412","4,6"
13,AM,Amazonas,2021,Norte,"77,9575560506251","51,6626714948743","88,2202438176157","680,469180877261","15,8458129468605","5041,87944013986","144,73084863097","1,63543517029879","1,47530032236572","692,505546556155","73,3","39,2874712789898","4,6"
16,AP,Amapá,2021,Norte,"82,6040036065182","47,3954512105649","92,1818614810856","541,240843059526","22,2050866557013","4291,75502186043","125,226039267878","1,14159088345318","1,44873081870939","488,303258648436","73,8","21,3844649202533","3,9"
29,BA,Bahia,2021,Nordeste,"85,1159836883015","64,2608719096277","96,2544320147686","768,086877766214","14,4151099142206","5124,79443165708","178,381670978007","1,85455777815088","1,61529804840536","825,044585219293","71,97","48,3999077659117","4,2"
23,CE,Ceará,2021,Nordeste,"86,6653720982556","69,7850579969235","95,9030710193516","797,363368966017","11,9098469016879","5420,80691904621","183,213607803839","1,69938196520132","1,6566979561889","943,211399358394","72,6","41,2733529134941","5,3"
53,DF,Distrito Federal,2021,Centro-Oeste,"63,247324434913","71,5577757328776","74,4588884490155","616,580352742521","9,52747835194417","5958,84401282994","167,629450687953","4,69112003425626","2,59807066161441", ,"77,35","0,0","4,9"
32,ES,Espírito Santo,2021,Sudeste,"80,4245368907681","75,5810409205212","107,557293304528","795,544270572188","7,28264762312956","6338,26196760478","159,693007778006","2,19351526150126","1,67523100843421","749,81463188633","75,1","70,8806895997477","4,8"
52,GO,Goiás,2021,Centro-Oeste,"74,9652774849091","73,943205180356","107,609855369857","841,341167090284","13,0657729648546","5311,12569344526","180,279463696348","2,16136926915077","1,41289450529231","1005,38626978633","74,6","46,7452960895171","5,1"
21,MA,Maranhão,2021,Nordeste,"89,5820536873622","54,2820069204152","101,156647135251","623,519731277842","17,1023380137431","6380,82318248654","189,214375203928","1,09118748900851","1,37553328816979","764,770497026154","70,4","24,5093104358778","4,2"
31,MG,Minas Gerais,2021,Sudeste,"90,125717465347","79,0615939934086","102,811877289116","886,917069522434","8,82499104994785","5726,94007913255","162,017208823327","2,71976856072199","1,70851539116781","1295,78710474679","75,3","75,6970381577922","5,1"
50,MS,Mato Grosso do Sul,2021,Centro-Oeste,"82,0306799259912","73,6798425532924","129,367974223616","882,153629840644","12,1719127840514","6072,01777409597","153,917246762102","2,44090916135177","1,84532514225898","1565,59445116672","74,96","36,6997548704637","4,7"
51,MT,Mato Grosso,2021,Centro-Oeste,"82,3681165667485","72,7264868603043","99,9373744475411","801,965892901895","15,0537794333266","5425,04360521345","181,765479920857","2,03022145449387","1,78898412607639","1416,27246718148","74,25","34,3118473993188","4,8"
15,PA,Pará,2021,Norte,"68,6464048824353","53,5630943352197","93,4018933764636","593,406222812849","14,3927335901528","5482,47922668063","151,108723085147","1,11751298033388","1,01855687580579","725,051126743242","72,36","28,3719568709817","4,3"
25,PB,Paraíba,2021,Nordeste,"97,4707354806318","72,6821782884876","120,643217021088","853,517508414606","12,9595270838259","4590,03351063633","199,339639720634","1,81315203188252","1,74026239530235","968,791255022552","72,0","46,8288344395276","4,5"
26,PE,Pernambuco,2021,Nordeste,"81,2558693952897","71,9593952073032","111,185841392162","832,028137449556","10,8198523932044","5634,27041798207","199,673522730667","1,99545871420712","1,60977345975258","700,079786023879","72,32","51,8732630770101","4,7"
22,PI,Piauí,2021,Nordeste,"99,9420688226044","62,6318651441001","111,57423030502","794,791581161892","16,5116247749669","6126,64131165084","221,20275196167","1,49748121935129","1,48315441934278","1069,09008543251","71,62","27,9143356834967","4,8"
41,PR,Paraná,2021,Sul,"79,981956856221","82,7399189998239","108,264861585496","970,193190178146","7,62931511372924","6688,67488844994","172,35634901501","2,64012435800731","1,71837486475515","1143,50224706985","74,8","62,5715976944557","5,2"
33,RJ,Rio de Janeiro,2021,Sudeste,"57,1332432233693","69,5760953153476","158,073918124181","1079,22025723703","9,7773607882978","4249,00172355257","139,16574650143","2,77207424532373","1,8106693051831","1094,14329335116","75,1","83,3194955489687","4,8"
24,RN,Rio Grande do Norte,2021,Nordeste,"86,749599976232","72,6433341008519","105,535028614933","751,691354692897","12,3408041215885","5000,10811864294","192,872425898712","1,86614181852187","1,45398512680632","1011,42879949345","72,52","43,0201000697853","4,0"
11,RO,Rondônia,2021,Norte,"77,5084889170925","64,1635541576568","88,9670893383823","772,774197671101","18,0789283316336","6450,30678496627","229,276176982258","2,42411906055161","1,83513213954006","875,887306311806","72,97","21,4406799805334","4,8"
14,RR,Roraima,2021,Norte,"74,7086810281045","44,0687720307891","110,6152321158","659,708018685088","16,3152621934982","6795,32964718031","215,408609909715","1,76681788167234","1,99061455800635","708,350013982412","73,51","41,2043938799529","4,6"
43,RS,Rio Grande do Sul,2021,Sul,"81,0311028486192","77,8088488179612","110,764889073773","1026,59630597656","8,3880952001522","6275,0171584851","187,875600765002","3,1579439643557","1,71154253690927","1107,3436873542","75,38","71,6902984677971","5,0"
42,SC,Santa Catarina,2021,Sul,"92,9984990007586","78,5777943584323","99,5029892458554","815,86455383838","7,86997276095482","6427,07277113372","166,710431448068","2,75255492525489","1,68692451413257","1211,96522855247","76,61","74,2433351193412","5,0"
28,SE,Sergipe,2021,Nordeste,"90,8147326530454","70,1403576235339","94,5488382594803","713,029095042322","13,0751833913293","4079,88286378211","117,298717026574","2,02296454867576","1,4983916862022","767,610754297219","71,84","47,8108560667511","4,4"
35,SP,São Paulo,2021,Sudeste,"63,1737985941599","80,8938128411581","118,619570456316","924,291581674017","8,53084167778257","4958,77393817317","131,099974164578","3,04370347126716","1,73750982119024","1188,61501406727","75,69","87,9686226400276","5,3"
17,TO,Tocantins,2021,Norte,"96,8503025943123","70,9142207436729","97,426654713341","716,204118173679","13,74595907218","5337,37556482263","179,486525445715","2,13940472687252","2,15883095479988","969,946797635654","72,56","27,5009218047699","4,8"
12,AC,Acre,2022,Norte,"76,9315760919905","47,8353932196368","92,2871552183206","499,507239602033","14,0230752457593","5900,4744475421","186,98389673477","1,7475825825464","1,68168039729259","633,331110912628", , , 
27,AL,Alagoas,2022,Nordeste,"83,061945098743","73,2390363342224","141,414587092106","739,237320406192","14,2189477180535","5175,46055658454","178,726552531059","2,25494399528341","1,63981611947247","1123,00185938406", , , 
13,AM,Amazonas,2022,Norte,"72,5167359680749","55,8243122112666","94,4029766494072","510,527035505515","15,461304178642","5426,50940110051","153,61731352114","1,78715541074174","1,56621159916004","822,670946755207", , , 
16,AP,Amapá,2022,Norte,"76,7709685248509","51,8692618435549","108,209916334927","524,150300030391","22,0125380990972","5463,91935226689","190,662056615319","1,51735787908564","2,1722391139325","606,470919482733", , , 
29,BA,Bahia,2022,Nordeste,"85,8515260705102","66,6139304226762","105,659702780996","759,368123580697","13,9752031738879","5901,40765991124","181,966345312767","2,05972778519245","1,80111360603088","918,798183120186", , , 
23,CE,Ceará,2022,Nordeste,"86,3998255520757","72,7799691915909","109,483195881458","735,205413738805","11,5564793666486","5987,29476448833","187,323258089835","2,0684637798684","1,85391184971115","1064,49657238182", , , 
53,DF,Distrito Federal,2022,Centro-Oeste,"64,3856091393115","73,0377421509686","74,4663217363928","513,136136007164","9,34529242141516","6328,07561348643","174,665762280643","5,29227321402395","2,96956641646976", , , , 
32,ES,Espírito Santo,2022,Sudeste,"81,033431114166","76,4619459104178","117,979650010225","728,041125676629","7,06467546635314","6921,62061208562","167,82689988189","2,46339578977242","1,91177636713452","895,523373241576", , , 
52,GO,Goiás,2022,Centro-Oeste,"76,7544395829983","74,3414308000891","115,510604060514","668,348804895348","12,7379233467117","5820,97769501714","176,915026511037","2,38991879112789","1,57216153345251","1111,00866668545", , , 
21,MA,Maranhão,2022,Nordeste,"90,8165952819846","62,7379724998214","106,880946018113","588,915045511096","16,4498831966102","7117,75748044881","203,875072509492","1,21102840778379","1,56869886061045","900,237680445648", , , 
31,MG,Minas Gerais,2022,Sudeste,"90,3882850690244","78,5591825100718","111,21719685439","790,852419638589","8,49973125811809","6537,20408516285","157,093560274059","2,9552060616975","1,80446420881725","1446,1072385236", , , 
50,MS,Mato Grosso do Sul,2022,Centro-Oeste,"82,8427000959429","73,8816845745338","136,705920501644","741,019356818412","11,8487009172687","7174,35862652806","160,53605840814","2,71417835171615","1,96556019141005","1757,31003994654", , , 
51,MT,Mato Grosso,2022,Centro-Oeste,"83,0286154482717","72,7113311671566","104,410125158221","593,825753714008","14,7271941069645","5647,71313126785","166,618880357203","2,12127482029569","1,86838092421547","1567,4673049315", , , 
15,PA,Pará,2022,Norte,"70,0387279477879","56,8977640275629","102,929373922662","558,981129737932","14,0359707626086","6187,90509660497","156,881705479875","1,3653258795948","1,1725580535585","826,277306208731", , , 
25,PB,Paraíba,2022,Nordeste,"97,534720640015","74,9292619665173","130,047976104785","814,655342672266","12,5099297769319","5121,13280869663","192,719577667374","1,9280700593531","1,81999236669453","1132,76891230706", , , 
26,PE,Pernambuco,2022,Nordeste,"82,3960678021742","71,8833297849691","120,279092533104","792,499688980963","10,6175561791925","6428,65035620649","208,092985805941","2,23571357370975","1,7556928074626","812,048580771043", , , 
22,PI,Piauí,2022,Nordeste,"99,6636052157153","67,0817157466149","120,353423928046","742,87745869328","16,0737032126872","6334,61920231695","202,922536965804","1,56088027662028","1,5297831162213","1218,66130054287", , , 
41,PR,Paraná,2022,Sul,"82,317759610619","82,4325381306218","114,667635992513","783,651014733869","7,34739535936117","7430,74766828784","163,241695924113","2,89710539146725","1,79278388169564","1312,11129765991", , , 
33,RJ,Rio de Janeiro,2022,Sudeste,"60,09596441095","71,1598919895982","165,635078137428","934,726711775282","9,47205945636295","4920,2518764356","145,13078463055","3,14090024810693","2,08271645016118","1345,53656919586", , , 
24,RN,Rio Grande do Norte,2022,Nordeste,"89,1424731311131","73,8610250774303","122,746976818262","733,030169898893","12,0456163266877","5671,85500233292","195,020542103212","2,14770875842372","1,60303040303943","1194,3655872429", , , 
11,RO,Rondônia,2022,Norte,"78,0980103323017","65,0909675087353","101,94814558094","649,381860313332","17,7438233924715","7576,85954176459","248,546037303408","2,99015745043625","2,19711851029221","1005,65142021222", , , 
14,RR,Roraima,2022,Norte,"57,2110560077706","46,6004583651643","114,495364429793","509,810635033069","16,1500661413678","8017,34549800772","214,855498683068","1,86239510481273","2,25370539353266","946,061809401682", , , 
43,RS,Rio Grande do Sul,2022,Sul,"79,6744640753212","78,0655190091118","125,930755083748","956,421342896904","8,17094551628808","7095,318233588","188,40453865284","3,46389977363706","1,83888306173915","1230,33351608101", , , 
42,SC,Santa Catarina,2022,Sul,"92,218135843792","79,7525458248473","102,321033128389","673,897072688142","7,63289765849098","7003,29458747095","153,159620154681","2,86243977125395","1,72357789597629","1321,37828944932", , , 
28,SE,Sergipe,2022,Nordeste,"94,0094694232221","72,7142055812649","104,524697692855","669,229557955551","12,6195383790929","4754,7425253529","117,511099527422","2,29495059737448","1,72412583868627","851,674360202423", , , 
35,SP,São Paulo,2022,Sudeste,"64,4977338485098","80,8034886783801","130,696649348077","796,075533854742","8,3087079699165","5540,26888419548","132,950583363607","3,35718236451774","1,89187588060481","1329,97727132994", , , 
17,TO,Tocantins,2022,Norte,"98,4123063676344","73,422324715065","102,483691265399","619,798076032445","13,4093576541087","5897,14580604184","175,194844719675","2,37574927553491","2,42125163748958","1130,74023623786", , , 
12,AC,Acre,2023,Norte,"91,8737906888766","52,116512992456","112,889118067319","518,422492042341","13,6857607116406","6838,2854347737","181,441848249074","2,03977504102321","1,87432682182796","776,965549766451", , , 
27,AL,Alagoas,2023,Nordeste,"87,7826173560428","76,8823908836809","151,965528475872","717,847684691831","13,6717562132535","5241,06822846177","179,71770157014","2,28212066248402","1,92416398976495","1233,560535121", , , 
13,AM,Amazonas,2023,Norte,"84,5507156587925","58,6213298297726","117,312379475103","535,389953300844","15,1057577291709","5460,65785758267","156,83934470482","1,88053088925777","2,05606816295765","897,549463353002", , , 
16,AP,Amapá,2023,Norte,"99,8169698770305","53,8938876822836","123,201214567726","553,178904790265","21,8102935310829","7410,06243194291","192,02490190921","1,65687916604771","2,70572490422605","768,586795409822", , , 
29,BA,Bahia,2023,Nordeste,"90,9244241079491","68,4918911864849","116,026261760847","738,422865942007","13,574238726461","6340,21151457407","185,332294886034","2,18840464314358","1,98966512054554","1028,41755231132", , , 
23,CE,Ceará,2023,Nordeste,"90,6101985490094","74,5637414684219","113,56508053422","701,060846573781","11,2373114448866","6272,87887820259","186,106651800572","2,19714547780052","2,0921478069762","1194,66536941837", , , 
53,DF,Distrito Federal,2023,Centro-Oeste,"77,2472732654902","76,1512046836298","85,0435209153466","511,32594420137","9,1678465459792","6580,57962341621","181,054674536387","5,50351549896872","3,1037158268619", , , , 
32,ES,Espírito Santo,2023,Sudeste,"85,8703262008205","77,394738860342","122,779175900537","721,102680639547","6,8665912156839","7483,24339439165","169,678890850434","2,70822377893801","2,12206211629877","1054,42610172598", , , 
52,GO,Goiás,2023,Centro-Oeste,"78,2909645652693","77,0891455972101","121,632623561697","648,806525052452","12,4246416411932","6525,32170716482","177,77947833875","2,49501345923153","1,73574132767047","1218,227158474", , , 
21,MA,Maranhão,2023,Nordeste,"91,6412548351343","66,8027463351271","117,726934603411","586,244128594172","15,8505191999841","7162,74988751898","204,332522368191","1,26770792092138","1,93307611862354","966,411324687954", , , 
31,MG,Minas Gerais,2023,Sudeste,"94,6272561294945","80,1396910332763","117,731319135565","769,323683668964","8,19420701196626","7005,54416071012","157,434358898634","3,13168619515814","1,95601979144195","1710,39585173831", , , 
50,MS,Mato Grosso do Sul,2023,Centro-Oeste,"91,3901022592204","76,4759987073359","147,478448596361","726,402088056893","11,5497125526668","7656,5834111047","158,649959213105","2,88290261961043","2,09931908191945","1890,3372921765", , , 
51,MT,Mato Grosso,2023,Centro-Oeste,"85,6989834225694","74,8936097485943","120,891618736862","609,678599942219","14,4004593867652","6216,52965343218","176,431245522596","2,31384590322821","2,03243738330734","1779,96225301172", , , 
15,PA,Pará,2023,Norte,"85,695169203551","59,8891060165547","115,453802407868","556,087087757574","13,7129912336204","6579,70912045631","153,298019453134","1,41840691978984","1,35349417392404","899,699378560677", , , 
25,PB,Paraíba,2023,Nordeste,"97,9794383809341","74,3255832007142","130,551160380679","731,453822653205","12,0991252152205","5835,62932125221","199,135177185021","2,09751736426038","2,48068590055016","1273,66730822519", , , 
26,PE,Pernambuco,2023,Nordeste,"86,8708460192488","72,666059265044","135,093202498176","760,840324316412","10,4496439085155","6722,73582832235","198,146999905397","2,34555821211134","1,9153501665925","881,358223559096", , , 
22,PI,Piauí,2023,Nordeste,"99,4377902414375","70,385694583155","120,750831728672","696,93100297475","15,6598912684178","6685,01060314582","200,048972868969","1,65977367931453","2,0189691914188","1320,70136427618", , , 
41,PR,Paraná,2023,Sul,"88,1646624806237","82,1395854803618","118,346297484005","736,361428054643","7,08027339788963","8071,98817236058","166,212586439807","3,14196793535342","1,88766669754063","1481,21612838471", , , 
33,RJ,Rio de Janeiro,2023,Sudeste,"73,7937253124756","75,1989269312963","176,267164715873","910,946215842943","9,18146612619756","5483,57806648499","147,310767233043","3,32995923930815","2,31407644663334","1476,06583530398", , , 
24,RN,Rio Grande do Norte,2023,Nordeste,"93,2093126623468","75,4209523809524","123,201146688087","676,01671224009","11,7896712678309","6105,07250216412","198,32084315728","2,26368103468374","1,8774171298947","1462,46057921544", , , 
11,RO,Rondônia,2023,Norte,"87,9667036850587","66,644354265155","120,794638994786","640,464559738325","17,4185066424785","8356,83874737857","252,593606358731","3,23062416044564","2,40817710138402","1150,78218606186", , , 
14,RR,Roraima,2023,Norte,"100,0","51,7763764995386","139,467604408307","532,269945202424","15,9751095848944","7438,900467562","221,766055658254","2,26124418296014","2,32147596932341","1029,55564058016", , , 
43,RS,Rio Grande do Sul,2023,Sul,"88,6558672200085","79,850851157061","123,578454952304","864,938920597466","7,95875424831589","7346,35276324053","188,762896875989","3,62612808182329","1,924863766446","1421,35095932109", , , 
42,SC,Santa Catarina,2023,Sul,"94,7386727121092","80,5660728694681","106,683506866494","646,040312673735","7,41545711674839","7614,78988973059","159,151451554006","3,11611039213514","1,85706367937079","1478,22288302908", , , 
28,SE,Sergipe,2023,Nordeste,"99,0353863612917","76,0110325805896","114,3889332327","653,618726481943","12,2077085864244","5194,33448989233","124,660407854465","2,52682800574117","2,09041476848006","955,563365810353", , , 
35,SP,São Paulo,2023,Sudeste,"71,5594755543631","81,8847901476698","136,107441994749","761,665324438828","8,09153917591523","5855,73408244103","132,606075966628","3,60633495513005","2,00456695217548","1493,76658200478", , , 
17,TO,Tocantins,2023,Norte,"94,5542058671748","75,3187810676464","107,578103290858","603,853228004711","13,0918699650078","6516,01762534238","188,625567332248","2,59128590898866","2,8291023249044","1246,34027507165", , , 